URL,URL_LENGTH,NUMBER_SPECIAL_CHARACTERS,WHOIS_COUNTRY,WHOIS_STATEPRO,WHOIS_REGDATE,WHOIS_UPDATED_DATE,Type
M0_109,16,7,None,None,10-10-2015 18:21,None,1
B0_2314,16,6,None,None,None,None,0
B0_911,16,6,None,None,None,None,0
B0_113,17,6,US,AK,07-10-1997 04:00,12-09-2013 00:45,0
B0_403,17,6,US,TX,12-05-1996 00:00,11-04-2017 00:00,0
B0_2064,18,7,SC,Mahe,03-08-2016 14:30,03-10-2016 03:45,0
B0_462,18,6,US,CO,29-07-2002 00:00,01-07-2016 00:00,0
B0_1128,19,6,US,FL,18-03-1997 00:00,19-03-2017 00:00,0
M2_17,20,5,None,None,08-11-2014 07:41,None,1
M3_75,20,5,None,None,08-11-2014 07:41,None,1
B0_1013,20,6,US,Kansas,14-09-2007 00:00,09-09-2015 00:00,0
B0_1102,20,6,US,CO,22-11-2016 00:00,23-11-2016 00:00,0
B0_22,20,7,GB,None,11-10-2002 00:00,06-10-2016 00:00,0
B0_482,20,6,None,None,14-11-2002 00:00,19-04-2015 00:00,0
B0_869,20,7,None,None,None,None,0
M0_71,21,7,UK,None,16-07-2000 00:00,04-07-2015 00:00,1
M0_97,21,7,RU,Novosibirskaya obl.,25-05-2013 00:00,23-05-2016 00:00,1
B0_2303,21,6,None,None,09-08-1999 00:00,10-02-2015 00:00,0
B0_584,21,6,None,None,None,None,0
M0_69,22,7,US,CO,15-09-2013 00:00,25-02-2017 00:00,1
B0_161,22,6,US,CA,03-07-1999 00:00,07-08-2015 00:00,0
B0_2122,22,6,US,Tennessee,02-11-2003 00:00,29-06-2015 00:00,0
B0_2176,22,6,None,None,12-08-2008 22:10,13-07-2016 17:36,0
B0_569,22,7,AU,Vi,21-05-2009 00:00,15-05-2016 00:00,0
B0_601,22,6,US,FL,01-08-2002 00:00,22-03-2016 00:00,0
B0_884,22,6,US,OR,13-01-2005 00:00,02-03-2017 00:00,0
B0_905,22,6,US,Texas,18-05-2005 19:41,19-05-2016 10:14,0
B0_916,22,6,CA,ALBERTA,04-01-2001 00:00,03-03-2017 00:00,0
B0_102,23,6,US,FL,28-02-2008 10:58,14-02-2017 20:27,0
B0_1130,23,6,PA,PANAMA,08-12-2006 00:00,14-12-2015 00:00,0
B0_1185,23,6,se,None,16-06-2000 00:00,18-05-2016 00:00,0
B0_1369,23,6,None,None,None,None,0
B0_1412,23,7,None,None,13-10-2000 00:00,27-04-2017 00:00,0
B0_2217,23,6,US,Arizona,31-12-1999 00:00,09-04-2017 00:00,0
B0_2240,23,7,None,None,None,None,0
B0_23,23,6,US,TX,30-07-1996 00:00,04-07-2016 00:00,0
B0_241,23,6,GB,None,09-05-2008 00:00,27-11-2015 00:00,0
B0_285,23,6,US,WI,23-04-1999 00:00,25-07-2016 00:00,0
B0_465,23,6,US,Oregon,04-02-1997 00:00,08-11-2014 00:00,0
B0_599,23,6,IN,Andhra Pradesh,13-02-2003 00:00,14-02-2017 00:00,0
B0_614,23,6,US,CA,17-05-2008 00:00,18-05-2016 00:00,0
B0_622,23,6,CA,AB,30-05-2002 00:00,31-05-2016 00:00,0
B0_790,23,6,None,None,20-10-2005 00:00,30-09-2016 00:00,0
M0_175,24,8,None,None,None,None,1
M0_89,24,9,IN,Tamil Nadu,None,None,1
B0_108,24,6,LU,None,07-01-2006 00:00,14-12-2016 00:00,0
B0_126,24,6,US,VA,05-03-1996 05:00,27-05-2016 14:46,0
B0_171,24,7,US,NY,23-03-1995 00:00,03-03-2017 00:00,0
B0_2301,24,6,None,None,10-01-1998 00:00,11-11-2012 00:00,0
B0_2313,24,6,None,None,27-04-2016 00:00,29-04-2017 00:00,0
B0_2315,24,6,CA,quebec,07-04-2011 00:00,08-04-2017 00:00,0
B0_282,24,8,US,MA,26-02-2009 00:00,06-01-2017 00:00,0
B0_321,24,6,CA,ON,03-07-2002 00:00,02-07-2016 00:00,0
B0_326,24,7,None,None,None,None,0
B0_483,24,7,None,None,21-02-1995 00:00,19-02-2017 00:00,0
B0_543,24,6,US,New Mexico,04-07-2007 00:00,05-07-2016 00:00,0
B0_656,24,6,PA,PANAMA,02-07-1998 00:00,06-02-2017 00:00,0
B0_1163,25,6,CA,British Columbia,10-03-2005 00:00,04-01-2017 00:00,0
B0_1308,25,7,US,NY,23-03-1995 00:00,03-03-2017 00:00,0
B0_1347,25,6,US,NY,15-12-2004 00:00,13-11-2016 00:00,0
B0_2127,25,6,US,Massachusetts,25-02-2008 00:00,26-02-2017 00:00,0
B0_2224,25,6,None,None,27-01-2005 00:00,15-11-2013 00:00,0
B0_468,25,6,US,California,14-09-2006 00:00,09-09-2016 00:00,0
B0_568,25,6,None,None,None,None,0
B0_577,25,6,TH,bangkok,30-04-2010 14:12,12-03-2017 01:47,0
B0_704,25,6,US,CA,22-04-1997 00:00,22-02-2017 00:00,0
B0_781,25,6,GB,WEST MIDLANDS,16-07-2016 00:00,22-12-2016 00:00,0
B0_786,25,6,US,CO,27-11-2016 19:09,01-02-2017 00:01,0
B0_886,25,6,US,California,30-10-2009 00:00,27-10-2016 00:00,0
M0_111,26,8,None,None,12-03-2009 21:00,None,1
M0_15,26,8,None,None,09-03-2000 17:50,None,1
M0_171,26,7,US,TEXAS,30-05-2008 00:00,30-05-2016 00:00,1
M0_68,26,7,GB,WC1N,25-09-2000 00:00,18-07-2016 00:00,1
M0_70,26,7,GB,WC1N,09-04-2002 00:00,10-04-2017 00:00,1
M0_72,26,7,GB,WC1N,09-04-2002 00:00,10-04-2017 00:00,1
B0_1125,26,6,US,Kentucky,11-01-1997 00:00,30-04-2015 00:00,0
B0_1205,26,7,US,MD,11-06-2000 00:00,03-03-2017 00:00,0
B0_1321,26,6,CA,ON,13-02-2002 19:55,23-02-2017 17:46,0
B0_1374,26,6,PA,PANAMA,19-12-2007 00:00,21-11-2016 00:00,0
B0_159,26,6,None,None,06-11-1997 00:00,06-11-2016 00:00,0
B0_173,26,7,US,NY,23-03-1995 00:00,03-03-2017 00:00,0
B0_179,26,6,US,CA,21-01-2000 00:00,08-11-2016 00:00,0
B0_2027,26,6,US,NEW YORK,27-04-2009 00:00,27-02-2017 00:00,0
B0_2152,26,7,None,None,11-10-2000 00:00,12-12-2016 00:00,0
B0_2293,26,6,CA,British Columbia,04-08-1998 00:00,10-04-2017 00:00,0
B0_256,26,6,US,FL,31-05-2000 00:00,02-04-2014 00:00,0
B0_258,26,7,US,NY,23-03-1995 00:00,03-03-2017 00:00,0
B0_297,26,7,US,NY,23-03-1995 00:00,03-03-2017 00:00,0
B0_660,26,6,US,Washington,23-10-1999 00:00,13-08-2016 00:00,0
B0_793,26,6,US,Colorado,23-06-2010 00:00,23-04-2015 00:00,0
B0_859,26,6,US,TX,09-03-2000 00:00,13-02-2014 00:00,0
B0_883,26,6,US,PA,13-04-1994 00:00,13-03-2017 00:00,0
B0_928,26,6,US,LA,09-06-2010 00:00,21-06-2016 00:00,0
B0_982,26,6,US,Arizona,29-04-2009 00:00,08-03-2017 00:00,0
M0_67,27,7,GB,WC1N,16-06-2000 00:00,16-02-2016 00:00,1
M0_75,27,7,US,PA,19-01-2015 00:00,03-03-2017 00:00,1
B0_1209,27,8,US,WA,11-11-2015 00:00,13-03-2017 00:00,0
B0_1353,27,6,US,CO,22-03-2017 00:00,23-03-2017 00:00,0
B0_2085,27,6,US,TEXAS,03-11-2009 00:00,04-03-2017 00:00,0
B0_362,27,6,AU,Queensland,19-07-2010 20:03,20-09-2016 13:11,0
B0_453,27,6,None,None,28-04-1997 00:00,24-04-2017 00:00,0
B0_966,27,7,US,FL,04-03-1996 00:00,07-01-2015 00:00,0
M0_21,28,9,RU,MOSCOW,24-10-2007 00:00,22-10-2016 00:00,1
M0_94,28,7,US,FL,21-10-2004 00:00,14-10-2014 00:00,1
B0_1020,28,8,[u'GB'; u'UK'],UK,2002-03-20T23:59:59.0Z,2017-03-07T22:02:38.0Z,0
B0_1038,28,6,US,CA,29-03-1997 00:00,29-11-2016 00:00,0
B0_1357,28,7,FR,None,10-06-2008 00:00,09-06-2016 00:00,0
B0_1413,28,7,NL,P,30-11-1999 00:00,06-03-2017 00:00,0
B0_2061,28,7,US,NH,30-08-2004 00:00,18-08-2016 00:00,0
B0_2182,28,7,NL,P,30-11-1999 00:00,06-03-2017 00:00,0
B0_2228,28,6,US,Pennsylvania,11-11-1996 00:00,27-04-2015 00:00,0
B0_229,28,7,CA,ON,02-10-1995 04:00,30-09-2016 09:12,0
B0_2309,28,6,IN,UTTAR PRADESH,28-06-2011 00:00,02-03-2017 00:00,0
B0_310,28,7,None,None,16-08-2016 00:00,26-03-2017 00:00,0
B0_332,28,7,US,NC,09-05-2000 17:31,11-10-2016 00:20,0
B0_438,28,7,US,CA,31-07-2000 00:00,29-06-2016 00:00,0
B0_563,28,6,US,FL,14-05-1999 00:00,02-04-2014 00:00,0
B0_638,28,8,US,Arizona,24-04-2009 00:00,18-03-2017 00:00,0
B0_695,28,7,None,None,None,None,0
B0_835,28,6,US,NY,06-08-1998 00:00,07-11-2014 00:00,0
B0_96,28,6,US,CA,22-02-1996 00:00,16-01-2015 00:00,0
B0_981,28,6,US,California,15-06-2007 00:00,12-05-2015 00:00,0
M0_106,29,7,US,MD,21-09-2009 00:00,09-08-2016 00:00,1
M0_74,29,7,UG,kireka,09-04-2002 00:00,18-04-2017 00:00,1
B0_1044,29,6,US,CA,22-04-1997 00:00,22-02-2017 00:00,0
B0_1051,29,6,US,CA,21-01-2000 00:00,08-11-2016 00:00,0
B0_1095,29,8,US,CA,20-01-1995 00:00,22-11-2016 00:00,0
B0_1096,29,6,US,IL,28-03-2006 00:00,24-02-2017 00:00,0
B0_1117,29,7,US,NY,23-03-1995 00:00,03-03-2017 00:00,0
B0_1154,29,6,US,Missouri,28-09-2007 16:06,28-03-2017 18:24,0
B0_1287,29,6,JP,Osaka,04-02-2017 00:00,04-02-2017 00:00,0
B0_1408,29,7,CA,QC,07-03-1996 00:00,09-03-2017 00:00,0
B0_170,29,6,None,None,04-04-2003 00:00,05-04-2017 00:00,0
B0_2024,29,6,US,Michigan,26-08-2015 00:00,26-08-2016 00:00,0
B0_2089,29,7,CA,AB,22-07-2004 00:00,23-06-2016 00:00,0
B0_2123,29,6,US,CA,30-11-2004 00:00,07-03-2017 00:00,0
B0_2128,29,6,US,Maryland,05-03-2008 00:00,14-04-2016 00:00,0
B0_2166,29,6,CA,Ontario,08-05-2003 00:00,09-05-2016 00:00,0
B0_2242,29,6,US,South Carolina,02-11-2010 21:52,20-10-2015 23:34,0
B0_2266,29,8,US,Texas,23-05-2006 00:00,13-07-2016 00:00,0
B0_259,29,6,None,None,02-07-1998 00:00,05-07-2016 00:00,0
B0_44,29,6,US,California,02-12-1998 00:00,02-12-2016 00:00,0
B0_448,29,7,US,CA,22-04-1997 00:00,22-02-2017 00:00,0
B0_499,29,8,US,CA,31-07-2000 00:00,29-06-2016 00:00,0
B0_626,29,8,CN,Zhejiang,15-04-1999 00:00,20-06-2012 00:00,0
B0_642,29,6,US,Arizona,30-05-2003 00:00,10-07-2015 00:00,0
B0_726,29,6,US,New Mexico,10-01-2002 00:57,26-02-2014 23:35,0
B0_887,29,6,US,New York,17-03-2006 00:00,14-08-2013 00:00,0
B0_894,29,6,None,None,01-03-1999 00:00,07-03-2013 00:00,0
B0_920,29,8,AU,QLD,01-07-2015 00:00,04-03-2016 00:00,0
B0_942,29,6,CA,ON,22-01-2006 00:00,22-01-2017 00:00,0
B0_978,29,6,US,CA,22-02-1996 00:00,16-01-2015 00:00,0
M0_112,30,8,None,None,None,None,1
B0_1052,30,6,SE,None,06-03-1996 05:00,28-10-2013 10:54,0
B0_1388,30,6,US,MA,08-02-2013 00:00,15-03-2017 00:00,0
B0_160,30,7,US,NY,23-03-1995 00:00,03-03-2017 00:00,0
B0_169,30,6,US,CA,29-03-1997 00:00,29-11-2016 00:00,0
B0_209,30,6,US,CA,22-04-1997 00:00,22-02-2017 00:00,0
B0_2097,30,6,None,None,15-04-2003 00:00,19-02-2016 00:00,0
B0_2206,30,6,US,WI,24-10-1996 00:00,19-10-2016 00:00,0
B0_2282,30,6,US,Texas,04-08-1998 00:00,04-09-2013 00:00,0
B0_330,30,6,US,FL,30-04-2016 00:00,04-10-2016 00:00,0
B0_348,30,6,US,NJ,30-12-1999 00:00,08-01-2016 00:00,0
B0_369,30,7,US,CA,22-04-1997 00:00,22-02-2017 00:00,0
B0_560,30,6,US,CA,22-02-1996 00:00,16-01-2015 00:00,0
B0_639,30,6,US,CA,29-03-1997 00:00,29-11-2016 00:00,0
B0_711,30,7,US,Arizona,13-07-2001 00:00,26-04-2015 00:00,0
B0_73,30,7,US,GA,29-05-1996 00:00,21-03-2017 00:00,0
B0_824,30,8,US,CA,25-02-2004 00:00,16-01-2016 00:00,0
B0_891,30,6,US,CA,22-02-1996 00:00,16-01-2015 00:00,0
B0_931,30,7,US,CA,22-04-1997 00:00,22-02-2017 00:00,0
M0_73,31,7,US,CA,09-04-2002 00:00,20-03-2017 00:00,1
B0_1028,31,8,US,CA,18-01-1995 00:00,26-08-2015 00:00,0
B0_1114,31,7,None,None,25-10-2014 00:00,26-10-2016 00:00,0
B0_1127,31,7,US,CA,22-04-1997 00:00,22-02-2017 00:00,0
B0_1241,31,8,US,MO,20-05-1996 00:00,24-10-2016 00:00,0
B0_140,31,6,US,CA,29-03-1997 00:00,29-11-2016 00:00,0
B0_2158,31,6,None,None,14-07-2000 00:00,22-03-2017 00:00,0
B0_2278,31,7,CA,ON,01-12-1996 05:00,30-11-2016 10:30,0
B0_263,31,8,IN,HR,11-11-2000 00:00,03-05-2012 00:00,0
B0_501,31,7,US,NY,23-03-1995 00:00,03-03-2017 00:00,0
B0_504,31,7,US,FL,04-09-2004 00:00,24-08-2016 00:00,0
B0_597,31,6,US,Missouri,09-09-2005 13:44,10-09-2016 13:29,0
B0_65,31,6,None,None,None,None,0
B0_658,31,6,None,None,22-04-1997 00:00,22-02-2017 00:00,0
B0_698,31,8,US,FL,07-08-1996 00:00,14-05-2015 00:00,0
B0_705,31,6,US,MD,30-12-2005 00:00,05-11-2015 00:00,0
B0_761,31,7,US,CA,29-03-1997 00:00,29-11-2016 00:00,0
B0_850,31,7,US,CA,04-04-2006 00:00,03-03-2017 00:00,0
B0_945,31,6,US,CA,22-04-1997 00:00,22-02-2017 00:00,0
B0_992,31,7,US,Texas,25-05-2000 00:00,24-05-2016 00:00,0
M0_136,32,11,None,None,None,None,1
M0_140,32,9,None,None,None,None,1
B0_1175,32,8,US,WA,05-01-1996 00:00,05-05-2016 00:00,0
B0_1181,32,6,US,Missouri,09-07-2008 00:00,14-07-2008 00:00,0
B0_1222,32,8,US,WA,05-01-1996 00:00,05-05-2016 00:00,0
B0_128,32,9,None,None,10-05-2006 20:00,None,0
B0_1341,32,8,US,CA,29-07-2006 00:00,07-08-2015 00:00,0
B0_1372,32,6,CA,ab,27-09-2010 00:00,28-09-2016 00:00,0
B0_1381,32,7,US,NY,31-10-2008 00:00,01-12-2016 00:00,0
B0_14,32,7,US,CA,03-03-2000 00:00,12-01-2017 00:00,0
B0_165,32,7,US,CA,29-03-1997 00:00,29-11-2016 00:00,0
B0_176,32,8,None,None,02-04-2008 00:00,23-01-2017 00:00,0
B0_2015,32,6,None,None,22-02-1996 00:00,16-01-2015 00:00,0
B0_2095,32,8,UK,Greater London,06-09-2016 00:00,12-03-2017 00:00,0
B0_218,32,7,US,Illinois,11-02-1997 00:00,10-09-2012 00:00,0
B0_2229,32,8,None,None,06-08-1995 00:00,24-07-2012 00:00,0
B0_2271,32,6,US,Kansas,23-10-2008 00:00,03-03-2017 00:00,0
B0_254,32,8,SI,--,19-02-2009 00:00,22-12-2015 00:00,0
B0_303,32,7,US,MO,30-08-1998 00:00,22-12-2016 00:00,0
B0_40,32,7,US,CA,04-04-2006 00:00,03-03-2017 00:00,0
B0_400,32,8,US,WA,05-01-1996 00:00,05-05-2016 00:00,0
B0_437,32,8,US,WA,05-01-1996 00:00,05-05-2016 00:00,0
B0_491,32,7,None,None,14-12-2006 00:00,13-12-2016 00:00,0
B0_507,32,7,US,CA,31-07-2000 00:00,29-06-2016 00:00,0
B0_582,32,8,US,California,22-03-2005 03:36,22-03-2017 03:37,0
B0_937,32,7,US,Arizona,26-06-2009 00:00,29-03-2017 00:00,0
M0_122,33,11,None,None,None,None,1
M0_125,33,9,None,None,None,None,1
M0_138,33,9,None,None,None,None,1
M0_142,33,9,None,None,None,None,1
M0_59,33,9,None,None,09-02-2000 14:17,None,1
M0_96,33,11,None,None,08-06-2007 00:00,18-09-2012 00:00,1
B0_1068,33,7,US,NY,01-11-1994 00:00,27-10-2015 00:00,0
B0_1101,33,8,US,WA,05-01-1996 00:00,05-05-2016 00:00,0
B0_1141,33,8,US,WA,05-01-1996 00:00,05-05-2016 00:00,0
B0_1190,33,6,US,CA,22-02-1996 00:00,16-01-2015 00:00,0
B0_1239,33,6,JP,Fukuoka,08-08-2013 00:00,26-07-2016 00:00,0
B0_1288,33,6,CA,BC,20-04-2000 00:00,25-04-2017 00:00,0
B0_1350,33,8,US,California,21-02-1995 00:00,19-02-2017 00:00,0
B0_1390,33,9,US,CA,29-05-1996 00:00,26-04-2016 00:00,0
B0_1419,33,7,JP,Osaka,12-11-2016 00:00,16-11-2016 00:00,0
B0_163,33,8,US,WA,05-01-1996 00:00,05-05-2016 00:00,0
B0_2100,33,7,None,None,08-02-2000 00:00,31-10-2016 00:00,0
B0_2126,33,6,US,Texas,25-09-2003 00:00,18-07-2014 00:00,0
B0_215,33,8,US,CA,13-01-2001 00:12,12-12-2015 10:16,0
B0_2155,33,7,US,CA,31-07-2000 00:00,29-06-2016 00:00,0
B0_2205,33,6,US,Arizona,10-05-2002 00:00,27-07-2016 00:00,0
B0_2219,33,6,US,FL,07-06-2005 00:00,23-05-2016 00:00,0
B0_2289,33,8,US,WA,05-01-1996 00:00,05-05-2016 00:00,0
B0_312,33,6,US,AL,19-08-2012 00:00,24-06-2016 00:00,0
B0_570,33,8,IL,None,28-04-2003 00:00,29-04-2017 00:00,0
B0_652,33,7,US,NY,12-03-1999 00:00,16-11-2016 00:00,0
B0_783,33,6,US,CA,22-04-1997 00:00,22-02-2017 00:00,0
M0_130,34,11,None,None,None,None,1
M0_159,34,11,None,None,None,None,1
M0_166,34,9,ru,Krasnoyarsk,30-03-2011 00:00,28-04-2017 00:00,1
M0_180,34,9,None,None,None,None,1
B0_1036,34,6,US,MAINE,14-01-2008 00:00,14-01-2017 00:00,0
B0_1054,34,7,GB,None,26-03-2000 00:00,26-10-2016 00:00,0
B0_1087,34,7,US,CA,02-11-2002 00:00,02-02-2017 00:00,0
B0_110,34,7,US,CA,02-11-2002 00:00,02-02-2017 00:00,0
B0_1207,34,8,US,California,21-02-1995 00:00,19-02-2017 00:00,0
B0_1337,34,6,US,CA,22-02-1996 00:00,16-01-2015 00:00,0
B0_1342,34,7,CA,ALBERTA,10-04-2010 00:00,10-04-2017 00:00,0
B0_1382,34,7,US,CA,03-03-2000 00:00,12-01-2017 00:00,0
B0_2098,34,7,US,Virginia,06-05-2010 16:44,20-09-2013 15:03,0
B0_2104,34,7,CA,ON,17-08-1999 12:43,21-04-2017 16:47,0
B0_2124,34,6,None,None,22-02-1996 00:00,16-01-2015 00:00,0
B0_2125,34,7,IN,MH,04-10-2006 00:00,04-10-2016 00:00,0
B0_2142,34,9,GB,None,09-03-2007 00:00,03-03-2015 00:00,0
B0_2221,34,9,None,None,31-05-1996 00:00,15-04-2016 00:00,0
B0_2320,34,9,US,WA,05-01-1996 00:00,05-05-2016 00:00,0
B0_322,34,8,None,None,29-07-2004 00:00,03-01-2016 00:00,0
B0_460,34,7,US,CA,31-07-2000 00:00,29-06-2016 00:00,0
B0_493,34,6,US,CA,22-02-1996 00:00,16-01-2015 00:00,0
B0_586,34,9,US,California,17-01-2005 00:00,18-01-2017 00:00,0
B0_688,34,6,US,CA,22-04-1997 00:00,22-02-2017 00:00,0
B0_746,34,8,US,CA,01-06-2005 00:00,09-09-2016 00:00,0
B0_760,34,7,US,New York,22-12-1999 00:00,24-05-2012 00:00,0
B0_864,34,7,US,Texas,11-08-2002 00:00,04-07-2016 00:00,0
B0_897,34,7,US,CA,22-04-1997 00:00,22-02-2017 00:00,0
B0_961,34,6,US,Arizona,17-11-2003 00:00,11-11-2016 00:00,0
M0_107,35,9,None,None,21-09-2009 00:00,09-08-2016 00:00,1
M0_108,35,9,None,None,21-09-2009 00:00,09-08-2016 00:00,1
M0_110,35,11,CA,ON,14-08-2008 00:00,09-08-2016 00:00,1
M0_123,35,11,None,None,None,None,1
M0_124,35,11,None,None,None,None,1
M0_127,35,9,None,None,None,None,1
M0_135,35,11,None,None,None,None,1
M0_137,35,11,None,None,None,None,1
M0_148,35,11,None,None,None,None,1
M0_152,35,11,None,None,None,None,1
M0_165,35,8,ru,Krasnoyarsk,22-08-2010 00:00,28-04-2017 00:00,1
B0_1029,35,9,KY,GRAND CAYMAN,08-07-1996 00:00,07-03-2017 00:00,0
B0_1148,35,8,US,CA,13-01-2001 00:12,12-12-2015 10:16,0
B0_1299,35,8,US,California,21-02-1995 00:00,19-02-2017 00:00,0
B0_144,35,6,None,None,21-03-2014 00:00,22-03-2017 00:00,0
B0_183,35,8,US,WA,05-01-1996 00:00,05-05-2016 00:00,0
B0_194,35,9,US,CA,22-10-1998 00:00,16-03-2017 00:00,0
B0_2026,35,9,[u'GB'; u'UK'],UK,2002-03-20T23:59:59.0Z,2017-03-07T22:02:38.0Z,0
B0_2067,35,7,US,NY,23-03-1995 00:00,03-03-2017 00:00,0
B0_2087,35,9,US,Arizona,08-07-2010 00:00,24-04-2017 00:00,0
B0_2144,35,10,US,CA,18-01-1995 00:00,26-08-2015 00:00,0
B0_2156,35,7,CA,ON,17-07-2009 00:00,07-07-2016 00:00,0
B0_2270,35,9,None,None,None,None,0
B0_2295,35,8,US,WA,05-01-1996 00:00,05-05-2016 00:00,0
B0_2319,35,7,GB,None,24-05-2001 20:47,27-01-2017 00:20,0
B0_308,35,6,US,PA,27-06-2004 00:00,19-11-2012 00:00,0
B0_337,35,7,US,CA,31-07-2000 00:00,29-06-2016 00:00,0
B0_385,35,8,US,WA,05-01-1996 00:00,05-05-2016 00:00,0
B0_461,35,9,None,None,04-03-2004 00:00,05-10-2015 00:00,0
B0_573,35,9,US,CA,29-03-1997 00:00,29-11-2016 00:00,0
B0_717,35,7,US,CA,31-07-2000 00:00,29-06-2016 00:00,0
B0_739,35,8,AT,Austria,01-06-2004 00:00,02-06-2016 00:00,0
B0_807,35,7,US,NY,13-12-1995 00:00,10-11-2016 00:00,0
B0_82,35,8,US,WA,05-01-1996 00:00,05-05-2016 00:00,0
B0_9,35,7,None,None,10-11-2000 00:00,19-02-2016 00:00,0
B0_965,35,6,US,CA,22-02-1996 00:00,16-01-2015 00:00,0
B0_971,35,8,AT,Austria,01-06-2004 00:00,02-06-2016 00:00,0
M0_121,36,10,None,None,None,None,1
M0_129,36,11,None,None,None,None,1
M0_131,36,11,None,None,None,None,1
M0_133,36,9,None,None,None,None,1
M0_134,36,11,None,None,None,None,1
M0_157,36,11,None,None,None,None,1
M0_169,36,8,ru,Krasnoyarsk,22-08-2010 00:00,28-04-2017 00:00,1
B0_1042,36,8,US,CA,01-06-2005 00:00,09-09-2016 00:00,0
B0_1049,36,8,None,None,30-10-2003 00:00,10-09-2016 00:00,0
B0_1277,36,7,US,Kansas,09-05-1998 00:00,10-05-2016 00:00,0
B0_1306,36,6,US,CA,05-10-2006 00:00,04-03-2017 00:00,0
B0_1359,36,7,US,DE,14-10-2005 00:00,21-04-2017 00:00,0
B0_1363,36,7,US,CA,29-03-1997 00:00,29-11-2016 00:00,0
B0_197,36,8,CN,shandong,08-09-2003 00:00,24-10-2016 00:00,0
B0_200,36,8,JP,Osaka,13-07-2008 00:00,09-12-2015 00:00,0
B0_2101,36,7,US,CA,03-03-2000 00:00,12-01-2017 00:00,0
B0_2250,36,8,None,None,22-08-1996 00:00,18-08-2016 00:00,0
B0_2260,36,8,US,CA,13-01-2001 00:12,12-12-2015 10:16,0
B0_2290,36,8,US,PA,01-05-2002 00:00,01-09-2012 00:00,0
B0_290,36,8,None,None,10-06-2005 00:00,04-06-2015 00:00,0
B0_305,36,7,US,CA,04-04-2006 00:00,03-03-2017 00:00,0
B0_366,36,8,US,CA,13-01-2001 00:12,12-12-2015 10:16,0
B0_444,36,7,None,None,07-09-2000 00:00,08-12-2016 00:00,0
B0_445,36,8,None,None,31-12-2015 00:00,25-12-2016 00:00,0
B0_474,36,6,None,None,08-12-2007 00:00,28-03-2017 00:00,0
B0_487,36,7,US,CA,06-04-2008 00:00,18-12-2014 00:00,0
B0_60,36,7,US,TX,16-07-1998 00:00,16-05-2016 00:00,0
B0_69,36,7,None,None,09-02-2001 00:00,28-12-2016 00:00,0
B0_701,36,7,US,AZ,28-12-1999 00:00,28-12-2014 00:00,0
B0_809,36,8,None,None,21-01-2008 00:00,17-04-2016 00:00,0
B0_952,36,8,UK,UK,27-02-1996 00:00,27-01-2016 00:00,0
B0_990,36,7,US,CA,31-07-2000 00:00,29-06-2016 00:00,0
M0_101,37,10,CZ,PRAHA,07-10-2006 00:00,07-03-2017 00:00,1
M0_115,37,9,US,LA,18-12-2004 00:00,01-12-2016 00:00,1
M0_16,37,9,CN,beijingshi,09-02-2009 00:00,27-04-2017 00:00,1
M0_176,37,11,None,None,04-11-1998 00:00,15-11-2016 00:00,1
M0_179,37,10,CN,liaoningsheng,04-11-2016 00:00,08-11-2016 00:00,1
M0_60,37,9,None,None,None,None,1
B0_1008,37,7,CA,British Columbia,15-04-2004 00:00,22-02-2016 00:00,0
B0_1167,37,7,US,California,02-07-2010 00:00,25-04-2017 00:00,0
B0_1196,37,7,US,Missouri,12-11-2007 20:49,28-03-2017 18:16,0
B0_1204,37,9,AT,Austria,01-06-2004 00:00,02-06-2016 00:00,0
B0_1219,37,10,US,California,22-02-2006 00:00,22-01-2017 00:00,0
B0_1316,37,8,US,North Carolina,05-06-2000 00:00,06-07-2015 00:00,0
B0_1398,37,9,US,CA,09-12-1996 00:00,09-10-2015 00:00,0
B0_1402,37,8,US,California,14-10-1999 00:00,20-11-2013 00:00,0
B0_2056,37,9,US,California,10-05-2006 23:10,11-05-2016 14:19,0
B0_2093,37,9,[u'GB'; u'UK'],UK,2002-03-20T23:59:59.0Z,2017-03-07T22:02:38.0Z,0
B0_2116,37,7,US,MA,22-02-2001 00:00,24-01-2017 00:00,0
B0_2143,37,8,US,CA,29-03-1997 00:00,29-11-2016 00:00,0
B0_2230,37,8,US,CA,11-09-1997 04:00,09-12-2015 14:43,0
B0_2277,37,8,None,None,16-10-2000 00:00,25-10-2016 00:00,0
B0_361,37,7,US,NY,08-06-2006 00:00,21-04-2017 00:00,0
B0_386,37,9,None,None,None,None,0
B0_450,37,7,US,CA,22-02-1996 00:00,16-01-2015 00:00,0
B0_457,37,8,US,Arizona,18-04-2001 00:00,19-04-2017 00:00,0
B0_476,37,8,US,OH,05-08-1993 00:00,01-07-2016 00:00,0
B0_59,37,9,PH,Manila,17-02-2011 00:00,18-02-2017 00:00,0
B0_593,37,9,US,CA,24-10-1999 00:00,29-07-2016 00:00,0
B0_646,37,8,US,NY,02-11-1996 00:00,26-11-2014 00:00,0
B0_677,37,9,US,CA,18-01-1995 00:00,26-08-2015 00:00,0
B0_777,37,8,US,Arizona,14-02-2000 00:00,14-02-2016 00:00,0
B0_946,37,8,US,CA,02-11-2002 00:00,02-02-2017 00:00,0
B0_947,37,7,US,CA,31-07-2000 00:00,29-06-2016 00:00,0
M0_120,38,10,CA,ON,14-09-2009 08:39,06-09-2016 08:26,1
M0_151,38,11,None,None,None,None,1
M0_42,38,9,US,Utah,24-05-2000 00:00,25-05-2016 00:00,1
M0_43,38,9,US,Utah,24-05-2000 00:00,25-05-2016 00:00,1
M0_90,38,10,None,None,18-07-2005 00:00,18-06-2016 00:00,1
B0_1019,38,9,US,MA,28-10-1999 00:00,29-08-2016 00:00,0
B0_1030,38,8,US,CA,02-11-2002 00:00,02-02-2017 00:00,0
B0_109,38,8,None,None,25-02-2006 00:00,26-02-2016 00:00,0
B0_1100,38,8,US,New York,12-06-2007 00:00,05-10-2016 00:00,0
B0_1224,38,8,[u'GB'; u'UK'],UK,2002-03-20T23:59:59.0Z,2017-03-07T22:02:38.0Z,0
B0_127,38,9,US,MO,20-05-1996 00:00,24-10-2016 00:00,0
B0_1289,38,10,UK,None,18-04-1995 00:00,14-11-2016 00:00,0
B0_1329,38,9,US,CA,25-04-2000 00:00,04-08-2015 00:00,0
B0_1349,38,8,US,CA,05-12-1997 00:00,31-03-2017 00:00,0
B0_1365,38,9,US,CA,09-12-1996 00:00,09-10-2015 00:00,0
B0_1387,38,8,US,CA,24-09-1996 00:00,30-01-2017 00:00,0
B0_1403,38,7,US,NJ,10-01-1992 00:00,05-01-2016 00:00,0
B0_1404,38,9,US,CA,31-07-2000 00:00,29-06-2016 00:00,0
B0_184,38,8,US,CA,02-11-2002 00:00,02-02-2017 00:00,0
B0_2011,38,7,None,None,17-07-2001 00:00,28-05-2014 00:00,0
B0_2118,38,8,US,MI,14-07-2011 00:00,30-06-2016 00:00,0
B0_2138,38,7,US,NY,21-09-2001 00:00,02-03-2017 00:00,0
B0_2213,38,6,None,None,05-06-2003 00:00,26-11-2014 00:00,0
B0_2274,38,8,US,NJ,05-12-1996 00:00,30-11-2016 00:00,0
B0_246,38,7,AU,NSW,19-02-2002 01:02,29-11-2016 00:00,0
B0_295,38,9,US,CA,18-01-1995 00:00,26-08-2015 00:00,0
B0_34,38,8,None,None,28-11-1999 00:00,09-09-2013 00:00,0
B0_360,38,8,US,UT,26-05-1997 00:00,23-04-2017 00:00,0
B0_37,38,7,AU,NSW,05-07-2008 00:00,30-08-2016 00:00,0
B0_41,38,6,BE,None,07-04-2007 00:00,08-04-2017 00:00,0
B0_428,38,6,US,FL,09-04-2011 16:13,28-02-2017 10:46,0
B0_441,38,8,US,CA,11-09-1997 04:00,09-12-2015 14:43,0
B0_464,38,10,NO,None,29-01-2004 16:01,29-12-2016 14:11,0
B0_496,38,8,US,FL,17-02-1999 05:00,19-12-2016 08:39,0
B0_536,38,9,US,FL,27-02-2000 15:05,31-05-2016 17:46,0
B0_624,38,7,US,California,02-07-2010 00:00,25-04-2017 00:00,0
B0_721,38,7,US,CA,31-07-2000 00:00,29-06-2016 00:00,0
B0_737,38,9,None,None,None,None,0
B0_813,38,8,US,CA,21-07-1995 00:00,26-09-2016 00:00,0
B0_90,38,7,US,CA,31-07-2000 00:00,29-06-2016 00:00,0
B0_914,38,9,US,CA,08-08-2002 00:00,29-07-2015 00:00,0
B0_918,38,7,US,CA,31-07-2000 00:00,29-06-2016 00:00,0
B0_927,38,9,US,Arizona,10-06-2005 00:00,04-06-2015 00:00,0
M0_141,39,13,None,None,None,None,1
M0_144,39,11,None,None,None,None,1
M0_145,39,11,None,None,None,None,1
M0_150,39,11,None,None,None,None,1
M0_44,39,9,US,Utah,24-05-2000 00:00,25-05-2016 00:00,1
M0_91,39,10,None,None,18-07-2005 00:00,18-06-2016 00:00,1
B0_1009,39,8,US,CA,15-02-2005 00:00,14-01-2017 00:00,0
B0_1050,39,7,AU,New South Wales,08-01-2009 10:56,09-01-2017 10:11,0
B0_1061,39,8,US,CA,15-02-2005 00:00,14-01-2017 00:00,0
B0_1065,39,9,US,CA,15-02-2005 00:00,14-01-2017 00:00,0
B0_1079,39,9,US,CA,15-02-2005 00:00,14-01-2017 00:00,0
B0_1084,39,9,None,None,01-07-2007 05:40,08-12-2016 14:01,0
B0_1099,39,9,US,CA,15-02-2005 00:00,14-01-2017 00:00,0
B0_1108,39,9,US,CA,15-02-2005 00:00,14-01-2017 00:00,0
B0_1161,39,8,US,WV,21-10-2006 00:00,22-10-2016 00:00,0
B0_1174,39,9,US,Arizona,30-08-2000 00:00,18-04-2015 00:00,0
B0_1176,39,8,US,FL,14-09-1995 00:00,12-05-2016 00:00,0
B0_1178,39,8,US,WA,05-01-1996 00:00,05-05-2016 00:00,0
B0_1198,39,7,US,CA,31-07-2000 00:00,29-06-2016 00:00,0
B0_1210,39,8,TR,None,14-09-2000 08:47,15-09-2016 21:37,0
B0_1234,39,8,US,CA,15-02-2005 00:00,14-01-2017 00:00,0
B0_125,39,6,US,CA,22-02-1996 00:00,16-01-2015 00:00,0
B0_1252,39,8,US,CA,15-02-2005 00:00,14-01-2017 00:00,0
B0_1279,39,7,US,CO,17-02-2006 00:00,19-08-2015 00:00,0
B0_1285,39,8,US,Oregon,30-08-2000 00:00,16-08-2016 00:00,0
B0_1300,39,8,US,CA,31-07-2000 00:00,29-06-2016 00:00,0
B0_1338,39,8,US,CA,15-02-2005 00:00,14-01-2017 00:00,0
B0_1344,39,7,US,NY,10-07-2002 00:00,18-10-2013 00:00,0
B0_138,39,8,US,CA,15-02-2005 00:00,14-01-2017 00:00,0
B0_1380,39,8,US,CA,15-02-2005 00:00,14-01-2017 00:00,0
B0_1384,39,10,US,CA,15-02-2005 00:00,14-01-2017 00:00,0
B0_155,39,8,FR,None,04-09-1996 04:00,26-04-2016 09:14,0
B0_19,39,8,US,CA,15-02-2005 00:00,14-01-2017 00:00,0
B0_195,39,8,US,CA,15-02-2005 00:00,14-01-2017 00:00,0
B0_2004,39,8,US,CA,15-02-2005 00:00,14-01-2017 00:00,0
B0_2052,39,8,US,CA,15-02-2005 00:00,14-01-2017 00:00,0
B0_2079,39,8,US,CA,15-02-2005 00:00,14-01-2017 00:00,0
B0_2103,39,8,US,CA,15-02-2005 00:00,14-01-2017 00:00,0
B0_2121,39,8,US,CA,15-02-2005 00:00,14-01-2017 00:00,0
B0_2136,39,8,None,None,None,None,0
B0_2160,39,8,US,CA,15-02-2005 00:00,14-01-2017 00:00,0
B0_2179,39,8,US,CA,15-02-2005 00:00,14-01-2017 00:00,0
B0_2193,39,9,US,CA,18-01-1995 00:00,26-08-2015 00:00,0
B0_2202,39,8,US,CA,15-02-2005 00:00,14-01-2017 00:00,0
B0_2241,39,9,None,None,15-05-2005 00:00,15-04-2017 00:00,0
B0_2244,39,9,US,Ohio,08-01-2004 00:00,03-01-2017 00:00,0
B0_2269,39,9,None,None,None,None,0
B0_2284,39,10,None,None,None,None,0
B0_2285,39,10,US,Arizona,10-11-2009 00:00,21-04-2015 00:00,0
B0_2291,39,7,CA,ON,26-11-1996 00:00,02-11-2016 00:00,0
B0_2297,39,9,US,CA,15-02-2005 00:00,14-01-2017 00:00,0
B0_233,39,9,US,CA,15-02-2005 00:00,14-01-2017 00:00,0
B0_253,39,8,AT,Austria,01-06-2004 00:00,02-06-2016 00:00,0
B0_273,39,8,US,CA,15-02-2005 00:00,14-01-2017 00:00,0
B0_345,39,7,None,None,02-08-2010 00:00,04-05-2016 00:00,0
B0_356,39,9,US,CA,15-02-2005 00:00,14-01-2017 00:00,0
B0_389,39,7,KY,GRAND CAYMAN,24-08-2003 00:00,27-02-2017 00:00,0
B0_392,39,9,US,Ohio,08-01-2004 00:00,03-01-2017 00:00,0
B0_393,39,8,US,CA,15-02-2005 00:00,14-01-2017 00:00,0
B0_471,39,9,US,CA,02-11-2002 00:00,02-02-2017 00:00,0
B0_480,39,6,LV,RIX,19-07-2010 00:00,20-07-2016 00:00,0
B0_50,39,8,TR,TR,28-10-2008 00:00,03-04-2016 00:00,0
B0_523,39,8,US,nj,24-06-2003 00:00,22-08-2016 00:00,0
B0_606,39,9,US,Arizona,10-06-2005 00:00,04-06-2015 00:00,0
B0_61,39,8,US,CA,15-02-2005 00:00,14-01-2017 00:00,0
B0_631,39,9,US,CA,15-02-2005 00:00,14-01-2017 00:00,0
B0_632,39,10,US,Arizona,28-02-2008 00:00,24-04-2017 00:00,0
B0_644,39,9,US,CA,15-02-2005 00:00,14-01-2017 00:00,0
B0_666,39,10,US,CA,15-02-2005 00:00,14-01-2017 00:00,0
B0_710,39,9,US,GA,22-09-1993 00:00,15-02-2017 00:00,0
B0_742,39,8,US,CA,15-02-2005 00:00,14-01-2017 00:00,0
B0_795,39,9,US,CA,15-02-2005 00:00,14-01-2017 00:00,0
B0_820,39,8,US,CA,15-02-2005 00:00,14-01-2017 00:00,0
B0_830,39,8,US,CA,15-02-2005 00:00,14-01-2017 00:00,0
B0_839,39,8,US,MA,29-09-1994 00:00,29-11-2016 00:00,0
B0_841,39,8,US,CA,15-02-2005 00:00,14-01-2017 00:00,0
B0_85,39,8,US,CA,15-02-2005 00:00,14-01-2017 00:00,0
B0_854,39,8,US,CA,15-02-2005 00:00,14-01-2017 00:00,0
B0_865,39,9,PA,Panama,07-11-2016 00:00,07-11-2016 00:00,0
B0_870,39,8,PA,Panama,30-07-2009 04:01,19-04-2017 10:41,0
B0_876,39,7,DE,None,10-01-2007 15:27,09-01-2017 16:53,0
B0_900,39,8,US,CA,15-02-2005 00:00,14-01-2017 00:00,0
B0_902,39,8,None,None,None,None,0
B0_915,39,9,CA,SK,19-10-2005 00:00,18-10-2016 00:00,0
B0_948,39,8,US,CA,15-02-2005 00:00,14-01-2017 00:00,0
B0_988,39,8,US,CA,15-02-2005 00:00,14-01-2017 00:00,0
M0_126,40,13,None,None,None,None,1
M0_139,40,13,None,None,None,None,1
M0_143,40,13,None,None,None,None,1
M0_158,40,11,None,None,None,None,1
M0_160,40,11,None,None,None,None,1
M0_39,40,10,None,None,None,None,1
M0_45,40,9,US,Utah,24-05-2000 00:00,25-05-2016 00:00,1
B0_1011,40,9,US,ca,14-05-1999 00:00,28-06-2016 00:00,0
B0_1017,40,9,US,CA,13-01-2001 00:12,12-12-2015 10:16,0
B0_1033,40,7,US,CA,31-07-2000 00:00,29-06-2016 00:00,0
B0_1075,40,10,US,Arizona,13-09-2001 23:03,13-02-2013 01:33,0
B0_1116,40,7,US,CA,22-02-2001 00:00,07-02-2017 00:00,0
B0_1142,40,7,US,CA,31-07-2000 00:00,29-06-2016 00:00,0
B0_116,40,9,US,CA,02-10-2005 00:00,03-10-2016 00:00,0
B0_1195,40,7,CA,ON,27-08-2002 00:00,01-06-2016 00:00,0
B0_1228,40,9,US,CO,28-09-1996 00:00,26-09-2016 00:00,0
B0_1244,40,8,ES,Alicante,05-06-2006 00:00,24-03-2017 00:00,0
B0_1311,40,9,AU,Queensland,22-03-2006 00:00,22-03-2017 00:00,0
B0_1383,40,12,US,CA,20-10-1998 00:00,04-12-2013 00:00,0
B0_1415,40,11,US,NY,23-03-1995 00:00,03-03-2017 00:00,0
B0_2010,40,10,US,CA,13-01-2001 00:12,12-12-2015 10:16,0
B0_2034,40,7,US,CA,31-07-2000 00:00,29-06-2016 00:00,0
B0_2068,40,9,US,CA,13-01-2001 00:12,12-12-2015 10:16,0
B0_2148,40,9,US,New Jersey,23-04-2002 18:56,20-08-2015 15:58,0
B0_222,40,8,US,New York,26-09-2005 00:00,23-07-2011 00:00,0
B0_2275,40,9,US,California,04-01-1995 00:00,04-01-2017 00:00,0
B0_2323,40,6,None,None,22-02-1996 00:00,16-01-2015 00:00,0
B0_251,40,7,AU,Vic,30-07-2004 00:00,30-03-2014 00:00,0
B0_309,40,8,US,ME,05-11-2008 00:00,07-10-2016 00:00,0
B0_349,40,9,None,None,01-07-2007 05:40,08-12-2016 14:01,0
B0_353,40,9,US,CA,18-01-1995 00:00,26-08-2015 00:00,0
B0_376,40,9,US,MO,29-12-2005 00:00,30-09-2015 00:00,0
B0_391,40,6,US,PA,05-06-2003 00:00,26-11-2014 00:00,0
B0_409,40,7,CA,ON,27-08-2002 00:00,01-06-2016 00:00,0
B0_416,40,6,None,None,17-02-2009 00:00,16-02-2015 00:00,0
B0_442,40,9,US,CA,02-12-2005 00:00,02-12-2016 00:00,0
B0_520,40,9,US,OH,08-11-1998 00:00,16-03-2015 00:00,0
B0_552,40,8,None,None,12-02-2002 00:00,16-10-2014 00:00,0
B0_562,40,9,US,MO,20-05-1996 00:00,24-10-2016 00:00,0
B0_590,40,7,US,CA,02-11-2002 00:00,02-02-2017 00:00,0
B0_685,40,8,US,WA,08-04-1996 00:00,18-11-2016 00:00,0
B0_697,40,8,US,NY,08-05-1996 00:00,27-01-2017 00:00,0
B0_703,40,6,US,TX,02-03-1999 00:00,01-02-2017 00:00,0
B0_765,40,7,US,CA,31-07-2000 00:00,29-06-2016 00:00,0
B0_803,40,9,US,NJ,17-12-2007 00:00,15-12-2015 00:00,0
B0_863,40,9,US,FL,03-06-2000 00:00,05-05-2016 00:00,0
B0_976,40,7,US,CA,31-07-2000 00:00,29-06-2016 00:00,0
B0_980,40,9,US,CA,18-01-1995 00:00,26-08-2015 00:00,0
M0_116,41,13,None,None,None,None,1
M0_156,41,11,None,None,None,None,1
M0_52,41,10,US,Utah,24-05-2000 00:00,25-05-2016 00:00,1
M0_57,41,11,BR,None,None,None,1
M0_92,41,10,None,None,18-07-2005 00:00,18-06-2016 00:00,1
B0_107,41,6,None,None,21-11-2016 00:00,13-01-2017 00:00,0
B0_1283,41,8,US,Oregon,30-08-2000 00:00,16-08-2016 00:00,0
B0_1296,41,8,US,MO,20-05-1996 00:00,24-10-2016 00:00,0
B0_1373,41,9,US,Pennsylvania,08-09-2007 00:00,09-09-2016 00:00,0
B0_1378,41,8,GB,worcs,25-10-2006 00:00,18-10-2016 00:00,0
B0_1425,41,10,US,NY,18-10-1994 00:00,06-10-2016 00:00,0
B0_192,41,9,US,CA,13-01-2001 00:12,12-12-2015 10:16,0
B0_2019,41,9,US,CA,13-01-2001 00:12,12-12-2015 10:16,0
B0_2135,41,9,US,Maine,23-10-1996 00:00,28-02-2017 00:00,0
B0_2299,41,9,US,Arizona,04-11-2003 00:00,04-11-2016 00:00,0
B0_238,41,7,US,FL,30-07-2002 00:00,26-06-2014 00:00,0
B0_26,41,8,PA,PANAMA,09-12-2008 00:00,30-11-2016 00:00,0
B0_275,41,9,US,CA,13-01-2001 00:12,12-12-2015 10:16,0
B0_30,41,7,US,PA,09-03-2010 00:00,18-01-2013 00:00,0
B0_364,41,8,US,Kansas,04-07-2001 23:21,19-04-2017 17:24,0
B0_373,41,8,JP,None,08-03-2016 00:00,27-02-2017 00:00,0
B0_390,41,8,US,VA,23-02-2010 00:00,23-01-2017 00:00,0
B0_427,41,10,US,Arizona,06-07-2016 14:30,05-09-2016 03:47,0
B0_434,41,8,US,WA,05-01-1996 00:00,05-05-2016 00:00,0
B0_713,41,8,None,None,16-01-2016 00:00,13-03-2017 00:00,0
B0_731,41,10,US,NY,18-10-1994 00:00,06-10-2016 00:00,0
B0_758,41,9,AU,Queensland,22-03-2006 00:00,22-03-2017 00:00,0
B0_829,41,10,GB,London,13-06-1997 00:00,05-11-2015 00:00,0
B0_855,41,9,AU,Queensland,22-03-2006 00:00,22-03-2017 00:00,0
B0_910,41,9,FR,None,22-07-2005 18:52,21-07-2016 18:54,0
M0_128,42,13,None,None,None,None,1
M0_154,42,11,None,None,None,None,1
M0_155,42,11,None,None,None,None,1
M0_40,42,10,None,None,07-04-2002 20:00,None,1
M0_47,42,10,US,Utah,24-05-2000 00:00,25-05-2016 00:00,1
M0_48,42,10,US,Utah,24-05-2000 00:00,25-05-2016 00:00,1
M0_50,42,10,US,Utah,24-05-2000 00:00,25-05-2016 00:00,1
M0_53,42,10,US,Utah,24-05-2000 00:00,25-05-2016 00:00,1
M1_3,42,8,US,Arizona,05-03-2013 20:51,05-05-2013 03:46,1
B0_104,42,7,US,FL,24-05-2004 00:00,16-03-2017 00:00,0
B0_1131,42,8,IN,Karnataka,30-01-2006 00:00,14-04-2014 00:00,0
B0_1139,42,7,CA,BC,19-12-1997 00:00,05-11-2012 00:00,0
B0_1236,42,10,US,Arizona,30-11-2006 00:00,17-04-2015 00:00,0
B0_1257,42,8,CA,ON,14-04-1999 00:00,08-08-2015 00:00,0
B0_1260,42,8,CA,Quebec,27-05-2008 00:00,27-05-2015 00:00,0
B0_1266,42,10,US,Arizona,10-11-2009 00:00,21-04-2015 00:00,0
B0_1268,42,9,US,CA,13-01-2001 00:12,12-12-2015 10:16,0
B0_1303,42,8,US,CA,09-12-1996 00:00,09-10-2015 00:00,0
B0_1351,42,11,US,Arizona,08-05-2004 20:53,04-04-2014 15:11,0
B0_1375,42,10,US,CA,02-11-2002 00:00,02-02-2017 00:00,0
B0_1422,42,9,US,Ohio,08-01-2004 00:00,03-01-2017 00:00,0
B0_146,42,9,None,None,16-08-1999 00:00,17-08-2013 00:00,0
B0_2112,42,9,US,CA,04-08-1995 00:00,26-01-2017 00:00,0
B0_2172,42,7,US,Indiana,18-07-2002 00:00,10-07-2013 00:00,0
B0_2185,42,9,None,None,23-11-1994 00:00,19-08-2015 00:00,0
B0_2218,42,8,AU,NEW SOUTH WALES,30-08-2015 00:00,08-03-2017 00:00,0
B0_2231,42,9,None,None,11-10-2000 00:00,02-07-2014 00:00,0
B0_291,42,8,UK,UK,27-02-1996 00:00,27-01-2016 00:00,0
B0_314,42,8,None,None,30-04-2009 00:00,05-01-2017 00:00,0
B0_328,42,8,US,CA,22-02-1996 00:00,16-01-2015 00:00,0
B0_33,42,9,AU,Queensland,22-03-2006 00:00,22-03-2017 00:00,0
B0_363,42,7,US,IL,27-11-2006 00:00,02-03-2017 00:00,0
B0_510,42,9,JP,6110021,13-02-2017 00:00,28-02-2017 00:00,0
B0_518,42,9,SC,Not Applicable,29-09-2015 00:00,24-03-2017 00:00,0
B0_527,42,7,US,CA,31-07-2000 00:00,29-06-2016 00:00,0
B0_575,42,9,US,CA,22-10-1998 00:00,16-03-2017 00:00,0
B0_603,42,8,AU,NSW,19-08-2004 00:00,05-07-2016 00:00,0
B0_818,42,8,US,nj,24-06-2003 00:00,22-08-2016 00:00,0
B0_840,42,8,US,California,18-03-2016 00:00,14-03-2017 00:00,0
B0_92,42,8,US,CA,22-02-1996 00:00,16-01-2015 00:00,0
B0_939,42,9,AU,Queensland,22-03-2006 00:00,22-03-2017 00:00,0
B0_963,42,7,US,PA,06-12-2010 00:00,07-12-2016 00:00,0
B0_985,42,7,US,FL,24-05-2004 00:00,16-03-2017 00:00,0
M0_132,43,13,None,None,None,None,1
M0_153,43,11,None,None,None,None,1
M0_54,43,10,US,Utah,24-05-2000 00:00,25-05-2016 00:00,1
M0_64,43,11,None,None,03-03-2000 00:00,08-12-2015 00:00,1
M0_9,43,10,us,Washington,23-06-2003 00:00,02-01-2017 00:00,1
M0_95,43,10,US,CA,03-08-2004 00:00,04-08-2016 00:00,1
M4_75,43,10,None,None,None,None,1
B0_1005,43,8,US,WA,14-05-2002 00:00,03-03-2017 00:00,0
B0_1010,43,9,US,FL,03-06-2000 00:00,05-05-2016 00:00,0
B0_1112,43,9,AU,Queensland,22-03-2006 00:00,22-03-2017 00:00,0
B0_1177,43,9,US,WA,26-04-2001 00:00,15-12-2015 00:00,0
B0_120,43,8,US,ca,09-05-2004 18:06,24-04-2017 11:55,0
B0_1335,43,8,US,GA,05-11-1997 05:00,05-09-2016 08:00,0
B0_1420,43,9,US,CA,29-03-1997 00:00,29-11-2016 00:00,0
B0_180,43,8,GB,Peterborough,08-12-1995 00:00,04-04-2014 00:00,0
B0_2008,43,7,US,CA,27-06-2001 00:00,03-03-2017 00:00,0
B0_2036,43,9,US,CA,13-01-2001 00:12,12-12-2015 10:16,0
B0_206,43,7,None,None,13-11-2002 00:00,13-11-2016 00:00,0
B0_2070,43,8,None,None,09-12-1996 00:00,09-10-2015 00:00,0
B0_2188,43,9,US,Arizona,30-01-1996 00:00,01-02-2017 00:00,0
B0_2194,43,9,US,CA,13-01-2001 00:12,12-12-2015 10:16,0
B0_236,43,9,UK,UK,27-02-1996 00:00,27-01-2016 00:00,0
B0_242,43,9,US,CA,16-07-1999 00:00,29-03-2013 00:00,0
B0_271,43,8,US,Arizona,23-06-2006 00:00,24-06-2016 00:00,0
B0_324,43,9,None,None,28-11-1999 00:00,09-09-2013 00:00,0
B0_331,43,12,None,None,25-09-2000 00:00,23-11-2015 00:00,0
B0_354,43,8,None,None,26-09-2003 00:00,17-06-2016 00:00,0
B0_43,43,9,CA,Quebec,10-04-2002 00:00,09-06-2016 00:00,0
B0_553,43,10,US,NY,23-03-1995 00:00,03-03-2017 00:00,0
B0_612,43,7,US,PA,05-06-2003 00:00,26-11-2014 00:00,0
B0_667,43,7,GB,None,11-11-2006 00:00,26-10-2016 00:00,0
B0_759,43,7,US,CA,31-07-2000 00:00,29-06-2016 00:00,0
B0_782,43,10,US,FL,20-04-1995 04:00,07-03-2013 19:26,0
B0_885,43,9,US,CA,13-01-2001 00:12,12-12-2015 10:16,0
B0_989,43,10,US,CO,03-05-2015 00:00,04-05-2016 00:00,0
M0_49,44,10,US,Utah,24-05-2000 00:00,25-05-2016 00:00,1
B0_1055,44,10,US,CO,04-02-2005 00:00,21-03-2017 00:00,0
B0_1097,44,8,US,WA,08-04-1996 00:00,18-11-2016 00:00,0
B0_1111,44,11,None,None,None,None,0
B0_1180,44,9,US,CA,18-01-1995 00:00,26-08-2015 00:00,0
B0_1213,44,9,US,CA,13-01-2001 00:12,12-12-2015 10:16,0
B0_1230,44,9,US,NY,16-09-1996 04:00,05-04-2017 13:36,0
B0_1405,44,7,US,PA,05-06-2003 00:00,26-11-2014 00:00,0
B0_190,44,8,US,WA,08-04-1996 00:00,18-11-2016 00:00,0
B0_2055,44,10,AU,None,20-07-2006 00:00,05-03-2013 00:00,0
B0_2090,44,9,US,Ohio,08-01-2004 00:00,03-01-2017 00:00,0
B0_2139,44,11,US,CA,02-11-2002 00:00,02-02-2017 00:00,0
B0_2140,44,10,CA,ON,09-12-2003 00:00,22-10-2016 00:00,0
B0_2151,44,9,US,CA,13-01-2001 00:12,12-12-2015 10:16,0
B0_2257,44,7,US,Arizona,12-03-2008 00:00,19-05-2016 00:00,0
B0_226,44,8,US,WA,13-09-2000 00:00,29-08-2016 00:00,0
B0_235,44,9,US,UT,05-02-1999 00:00,16-06-2014 00:00,0
B0_239,44,9,US,CA,13-01-2001 00:12,12-12-2015 10:16,0
B0_277,44,9,US,CA,13-01-2001 00:12,12-12-2015 10:16,0
B0_289,44,9,CA,ON,09-12-2003 00:00,22-10-2016 00:00,0
B0_311,44,9,None,None,None,None,0
B0_316,44,8,US,FL,10-05-2000 00:00,11-10-2016 00:00,0
B0_408,44,9,US,California,28-11-1999 00:00,09-09-2013 00:00,0
B0_436,44,9,US,FL,03-06-2000 00:00,05-05-2016 00:00,0
B0_49,44,8,US,CA,25-01-1995 00:00,05-12-2013 00:00,0
B0_51,44,8,US,WA,05-01-1996 00:00,05-05-2016 00:00,0
B0_550,44,9,FR,None,05-10-2005 00:00,21-05-2015 00:00,0
B0_557,44,9,US,Ohio,08-01-2004 00:00,03-01-2017 00:00,0
B0_616,44,8,US,New York,28-06-2006 00:00,01-02-2013 00:00,0
B0_617,44,10,US,CO,25-06-1997 00:00,26-03-2017 00:00,0
B0_633,44,9,US,CA,09-01-1998 00:00,04-01-2017 00:00,0
B0_641,44,8,US,WA,05-01-1996 00:00,05-05-2016 00:00,0
B0_733,44,9,US,California,28-11-1999 00:00,09-09-2013 00:00,0
B0_832,44,9,US,CA,13-01-2001 00:12,12-12-2015 10:16,0
B0_833,44,8,CA,ON,17-03-2000 00:00,17-01-2016 00:00,0
B0_993,44,8,US,California,26-09-2003 00:00,17-06-2016 00:00,0
M1_2,45,10,None,None,09-10-2016 17:08,None,1
B0_10,45,8,None,None,29-02-2008 00:00,21-02-2017 00:00,0
B0_1062,45,9,US,MI,18-05-2001 00:00,19-03-2016 00:00,0
B0_1083,45,9,None,None,28-11-1999 00:00,09-09-2013 00:00,0
B0_1085,45,9,US,MA,29-09-1994 00:00,29-11-2016 00:00,0
B0_1140,45,8,US,FL,30-10-2002 00:00,06-07-2016 00:00,0
B0_1192,45,10,None,None,19-12-2000 00:00,16-12-2016 00:00,0
B0_1232,45,10,US,CT,13-05-1998 00:00,17-06-2016 00:00,0
B0_1238,45,9,US,Arizona,09-08-2009 00:00,17-06-2016 00:00,0
B0_1262,45,7,US,MA,29-07-2007 00:00,09-07-2016 00:00,0
B0_1272,45,7,US,Arizona,15-07-2009 00:00,20-04-2015 00:00,0
B0_1318,45,8,None,None,27-09-2000 00:00,10-10-2016 00:00,0
B0_1343,45,8,US,Arizona,13-07-2001 00:00,26-04-2015 00:00,0
B0_1411,45,11,US,CA,13-01-2001 00:12,12-12-2015 10:16,0
B0_158,45,11,US,CA,20-10-1998 00:00,04-12-2013 00:00,0
B0_2204,45,8,US,NY,10-03-2005 00:00,07-03-2017 00:00,0
B0_2259,45,11,US,Minnesota,08-08-2001 00:00,09-11-2015 00:00,0
B0_266,45,9,NL,NOT APPLICABLE,27-11-2002 00:00,21-11-2016 00:00,0
B0_288,45,9,CA,ON,09-12-2003 00:00,22-10-2016 00:00,0
B0_315,45,9,US,CA,13-01-2001 00:12,12-12-2015 10:16,0
B0_317,45,8,US,Missouri,28-09-2007 16:06,28-03-2017 18:24,0
B0_406,45,10,None,None,None,None,0
B0_467,45,10,US,CA,09-01-1998 00:00,04-01-2017 00:00,0
B0_485,45,9,US,CA,13-01-2001 00:12,12-12-2015 10:16,0
B0_509,45,9,US,CA,13-01-2001 00:12,12-12-2015 10:16,0
B0_541,45,10,US,CA,18-01-1995 00:00,26-08-2015 00:00,0
B0_585,45,8,AU,VIC,12-03-2009 01:58,18-04-2017 01:29,0
B0_608,45,9,US,MA,08-11-1993 00:00,12-10-2015 00:00,0
B0_683,45,10,US,NY,25-07-1998 00:00,05-03-2017 00:00,0
B0_686,45,9,AU,Queensland,22-03-2006 00:00,22-03-2017 00:00,0
B0_691,45,9,US,UT,05-02-1999 00:00,16-06-2014 00:00,0
B0_724,45,10,US,CA,13-01-2001 00:12,12-12-2015 10:16,0
B0_725,45,8,US,Washington,16-11-1999 00:00,05-11-2016 00:00,0
B0_730,45,9,US,WA,20-07-1998 04:00,21-02-2017 03:57,0
B0_74,45,9,US,WA,07-04-2003 00:00,01-11-2013 00:00,0
B0_766,45,7,US,NY,04-06-2009 00:00,04-05-2016 00:00,0
B0_798,45,10,CA,ON,29-11-2000 00:00,21-10-2016 00:00,0
B0_847,45,10,NL,Noord-Holland,03-02-1999 00:00,04-02-2017 00:00,0
B0_871,45,9,US,California,28-11-1999 00:00,09-09-2013 00:00,0
B0_895,45,9,US,CA,13-01-2001 00:12,12-12-2015 10:16,0
B0_919,45,8,None,None,18-10-2000 00:00,29-01-2017 00:00,0
M0_117,46,11,None,None,None,None,1
M0_82,46,12,US,CALIFORNIA,06-10-2005 00:00,06-10-2016 00:00,1
B0_112,46,9,US,CA,29-03-1997 00:00,29-11-2016 00:00,0
B0_1143,46,11,US,CA,13-01-2001 00:12,12-12-2015 10:16,0
B0_1201,46,9,None,None,22-09-2009 00:00,23-04-2015 00:00,0
B0_1220,46,9,None,None,None,None,0
B0_1221,46,9,US,WA,13-09-2000 00:00,29-08-2016 00:00,0
B0_123,46,11,US,CA,13-01-2001 00:12,12-12-2015 10:16,0
B0_124,46,9,US,NY,18-01-1994 00:00,21-10-2016 00:00,0
B0_1270,46,10,US,Minnesota,08-08-2001 00:00,09-11-2015 00:00,0
B0_1314,46,8,US,VA,13-09-1996 04:00,16-07-2016 07:42,0
B0_1333,46,9,US,Arizona,21-07-2008 00:00,18-04-2015 00:00,0
B0_1397,46,9,US,NY,23-03-1995 00:00,03-03-2017 00:00,0
B0_2016,46,8,US,WA,30-01-2007 00:00,28-12-2016 00:00,0
B0_2153,46,10,JP,Osaka,11-03-2017 00:00,24-04-2017 00:00,0
B0_2222,46,10,US,Maryland,25-08-2004 00:00,26-08-2016 00:00,0
B0_2253,46,11,US,PA,16-05-2001 00:00,13-05-2015 00:00,0
B0_2302,46,9,US,CA,13-01-2001 00:12,12-12-2015 10:16,0
B0_234,46,9,US,CA,22-11-2003 00:00,01-05-2014 00:00,0
B0_237,46,8,US,PA,14-10-2016 00:00,14-10-2016 00:00,0
B0_270,46,11,US,CA,18-01-1995 00:00,26-08-2015 00:00,0
B0_29,46,10,US,Nevada,15-12-2004 00:00,25-02-2015 00:00,0
B0_292,46,9,US,NY,26-07-1995 00:00,21-07-2016 00:00,0
B0_304,46,8,None,None,22-04-1999 00:00,09-09-2016 00:00,0
B0_306,46,10,US,Ohio,08-01-2004 00:00,03-01-2017 00:00,0
B0_439,46,8,US,CA,26-05-2006 00:00,08-09-2016 00:00,0
B0_477,46,12,US,CA,02-11-2002 00:00,02-02-2017 00:00,0
B0_506,46,10,US,California,06-08-2002 00:00,15-10-2015 00:00,0
B0_525,46,11,US,Ohio,08-01-2004 00:00,03-01-2017 00:00,0
B0_542,46,10,US,MO,20-05-1996 00:00,24-10-2016 00:00,0
B0_55,46,10,US,Ohio,08-01-2004 00:00,03-01-2017 00:00,0
B0_555,46,12,None,None,None,None,0
B0_565,46,10,None,None,07-03-2000 00:00,23-03-2017 00:00,0
B0_602,46,8,PH,None,08-07-2000 00:00,05-03-2016 00:00,0
B0_64,46,10,None,None,None,None,0
B0_687,46,10,None,None,None,None,0
B0_689,46,8,US,Arizona,03-12-1999 00:00,06-10-2015 00:00,0
B0_727,46,8,US,MI,15-11-1998 00:00,23-12-2011 00:00,0
B0_736,46,7,US,CA,31-07-2000 00:00,29-06-2016 00:00,0
B0_747,46,9,AU,New South Wales,08-01-2009 10:56,09-01-2017 10:11,0
B0_753,46,10,US,CA,13-01-2001 00:12,12-12-2015 10:16,0
B0_822,46,10,PA,PANAMA,11-11-2007 00:00,18-12-2015 00:00,0
B0_873,46,9,US,California,28-11-1999 00:00,09-09-2013 00:00,0
B0_889,46,6,US,CA,29-03-1997 00:00,29-11-2016 00:00,0
M0_86,47,11,PA,PANAMA,19-07-2004 00:00,06-07-2016 00:00,1
B0_1037,47,9,US,Texas,02-09-2003 00:00,18-09-2015 00:00,0
B0_1122,47,9,PA,PANAMA,11-11-2007 00:00,18-12-2015 00:00,0
B0_1216,47,9,CA,ON,31-12-1999 00:00,17-12-2016 00:00,0
B0_1245,47,8,US,Washington,28-08-1998 00:00,13-12-2016 00:00,0
B0_1286,47,9,US,UT,05-02-1999 00:00,16-06-2014 00:00,0
B0_1294,47,8,PA,PANAMA,04-10-2003 00:00,08-12-2014 00:00,0
B0_1295,47,9,US,WA,02-10-2007 00:00,31-08-2016 00:00,0
B0_1305,47,10,US,Nebraska,24-04-2007 00:00,25-04-2017 00:00,0
B0_1310,47,11,US,AL,15-12-2010 00:00,27-10-2016 00:00,0
B0_1340,47,10,None,None,None,None,0
B0_1410,47,9,US,California,28-11-1999 00:00,09-09-2013 00:00,0
B0_153,47,10,US,WA,01-06-2001 00:00,17-05-2016 00:00,0
B0_20,47,10,None,None,22-08-2007 00:00,24-07-2014 00:00,0
B0_2005,47,9,None,None,26-01-2001 00:00,26-03-2017 00:00,0
B0_2037,47,9,PH,ILOCOS NORTE R3,06-06-2007 00:00,19-12-2015 00:00,0
B0_2111,47,9,US,GA,19-09-2002 00:00,04-09-2016 00:00,0
B0_2177,47,9,US,California,28-07-1995 00:00,26-11-2015 00:00,0
B0_220,47,12,US,CA,13-01-2001 00:12,12-12-2015 10:16,0
B0_2239,47,10,AU,None,20-07-2006 00:00,05-03-2013 00:00,0
B0_2296,47,9,US,NV,01-11-1994 00:00,30-04-2014 00:00,0
B0_231,47,11,PA,PANAMA,11-11-2007 00:00,18-12-2015 00:00,0
B0_252,47,10,AU,None,20-07-2006 00:00,05-03-2013 00:00,0
B0_268,47,10,None,None,08-05-2001 00:00,19-04-2015 00:00,0
B0_280,47,11,None,None,None,None,0
B0_287,47,9,US,Pennsylvania,29-05-1996 00:00,28-04-2015 00:00,0
B0_298,47,8,CA,ON,18-10-2002 00:00,17-10-2016 00:00,0
B0_32,47,11,None,None,18-10-2004 00:00,02-07-2015 00:00,0
B0_381,47,9,US,CA,22-11-2003 00:00,01-05-2014 00:00,0
B0_39,47,9,None,None,05-11-1997 00:00,14-04-2015 00:00,0
B0_446,47,10,GB,London,13-06-1997 00:00,05-11-2015 00:00,0
B0_45,47,11,US,CA,13-01-2001 00:12,12-12-2015 10:16,0
B0_498,47,8,US,CA,29-03-1997 00:00,29-11-2016 00:00,0
B0_500,47,10,AU,Queensland,22-03-2006 00:00,22-03-2017 00:00,0
B0_528,47,8,US,NY,28-03-2000 00:00,28-03-2017 00:00,0
B0_581,47,8,CA,MB,12-04-2000 00:00,04-04-2017 00:00,0
B0_650,47,9,US,California,28-11-1999 00:00,09-09-2013 00:00,0
B0_913,47,9,CA,ON,09-12-2003 00:00,22-10-2016 00:00,0
B0_926,47,9,US,California,28-11-1999 00:00,09-09-2013 00:00,0
B0_949,47,9,US,CA,28-11-2006 00:00,13-03-2014 00:00,0
B0_998,47,11,US,CA,02-11-2002 00:00,02-02-2017 00:00,0
M0_114,48,10,FR,None,24-02-1996 00:00,27-12-2016 00:00,1
M0_146,48,11,None,None,None,None,1
M0_46,48,10,US,Utah,24-05-2000 00:00,25-05-2016 00:00,1
M0_51,48,11,US,Utah,24-05-2000 00:00,25-05-2016 00:00,1
M0_99,48,14,CZ,PRAHA,07-10-2006 00:00,07-03-2017 00:00,1
B0_1046,48,9,US,Arizona,21-12-2005 00:00,08-12-2016 00:00,0
B0_1063,48,10,US,MO,20-05-1996 00:00,24-10-2016 00:00,0
B0_1089,48,11,None,None,None,None,0
B0_1109,48,9,US,Texas,02-09-2003 00:00,18-09-2015 00:00,0
B0_1118,48,11,US,CA,13-01-2001 00:12,12-12-2015 10:16,0
B0_1151,48,11,AU,Queensland,22-03-2006 00:00,22-03-2017 00:00,0
B0_1170,48,8,US,CO,01-07-1998 00:00,26-06-2016 00:00,0
B0_1259,48,9,US,GA,05-05-2004 00:00,20-04-2016 00:00,0
B0_131,48,9,US,CA,02-11-2002 00:00,02-02-2017 00:00,0
B0_1323,48,10,AU,None,20-07-2006 00:00,05-03-2013 00:00,0
B0_1392,48,11,None,None,11-10-2000 00:00,12-12-2016 00:00,0
B0_1424,48,8,US,Florida,02-12-2004 00:00,25-11-2015 00:00,0
B0_2020,48,8,US,CA,10-08-1998 00:00,10-07-2012 00:00,0
B0_203,48,9,CZ,None,13-04-2005 00:00,10-11-2016 00:00,0
B0_2069,48,9,KR,None,14-08-2000 00:00,06-07-2016 00:00,0
B0_2082,48,9,US,CA,13-01-2001 00:12,12-12-2015 10:16,0
B0_223,48,9,US,Colorado,29-12-2005 00:00,06-02-2017 00:00,0
B0_2247,48,9,US,Arizona,25-06-2002 00:00,26-06-2016 00:00,0
B0_2258,48,11,US,NY,18-10-1994 00:00,06-10-2016 00:00,0
B0_281,48,11,US,CA,02-11-2002 00:00,02-02-2017 00:00,0
B0_307,48,9,None,None,28-11-1999 00:00,09-09-2013 00:00,0
B0_567,48,7,US,CA,31-07-2000 00:00,29-06-2016 00:00,0
B0_576,48,8,US,Arizona,03-12-1999 00:00,06-10-2015 00:00,0
B0_67,48,11,None,None,28-04-2003 00:00,29-04-2016 00:00,0
B0_694,48,10,US,CO,22-06-2014 00:00,22-06-2016 00:00,0
B0_71,48,9,CA,ON,09-12-2003 00:00,22-10-2016 00:00,0
B0_800,48,10,HK,Central,24-05-2015 00:00,22-04-2016 00:00,0
B0_836,48,8,IN,Maharashtra,05-08-1999 00:00,10-02-2017 00:00,0
B0_874,48,11,US,MA,21-08-1998 00:00,03-10-2016 00:00,0
M0_149,49,12,KR,None,28-08-2003 00:00,10-05-2016 00:00,1
M0_164,49,12,UA,widestep@mail.ru,09-03-2004 00:00,04-01-2016 00:00,1
M0_55,49,13,KR,None,03-01-2002 00:00,12-01-2015 00:00,1
M0_81,49,12,US,VERMONT,22-03-2009 00:00,22-03-2017 00:00,1
M0_98,49,13,CZ,PRAHA,07-10-2006 00:00,07-03-2017 00:00,1
B0_1066,49,7,US,Arizona,10-06-2005 00:00,04-06-2015 00:00,0
B0_1090,49,9,US,New York,03-07-2000 17:33,04-07-2016 14:14,0
B0_1123,49,9,US,MI,02-02-1996 00:00,07-04-2016 00:00,0
B0_1217,49,10,CH,ZH,19-02-1997 00:00,15-12-2015 00:00,0
B0_1243,49,11,US,CA,02-11-2002 00:00,02-02-2017 00:00,0
B0_137,49,9,None,None,23-08-2010 00:00,17-04-2015 00:00,0
B0_1416,49,9,US,California,28-11-1999 00:00,09-09-2013 00:00,0
B0_16,49,10,US,IL,23-09-2009 00:00,08-09-2016 00:00,0
B0_2009,49,11,None,None,None,None,0
B0_2029,49,9,US,CA,07-10-2005 16:25,10-09-2016 06:58,0
B0_2043,49,10,AU,Queensland,22-03-2006 00:00,22-03-2017 00:00,0
B0_2054,49,12,None,None,None,None,0
B0_2078,49,9,US,ca,14-05-1999 00:00,28-06-2016 00:00,0
B0_2107,49,9,US,CA,20-09-1995 00:00,21-03-2017 00:00,0
B0_2110,49,10,CN,hunansheng,30-08-2004 00:00,08-03-2017 00:00,0
B0_2113,49,7,US,Pennsylvania,30-01-2003 00:00,31-01-2016 00:00,0
B0_2262,49,9,US,CA,22-11-2003 00:00,01-05-2014 00:00,0
B0_2265,49,9,US,WA,22-11-2000 00:00,28-09-2016 00:00,0
B0_2280,49,9,US,CA,02-11-2002 00:00,02-02-2017 00:00,0
B0_2317,49,9,US,MA,06-11-2001 01:42,11-03-2017 15:28,0
B0_333,49,11,US,CA,13-01-2001 00:12,12-12-2015 10:16,0
B0_341,49,9,US,TX,11-11-1999 00:00,16-04-2016 00:00,0
B0_365,49,10,US,MO,20-05-1996 00:00,24-10-2016 00:00,0
B0_524,49,12,US,CA,18-01-1995 00:00,26-08-2015 00:00,0
B0_609,49,9,CA,ON,09-12-2003 00:00,22-10-2016 00:00,0
B0_637,49,10,US,NY,26-07-1990 00:00,21-07-2016 00:00,0
B0_648,49,10,US,NV,01-11-1994 00:00,30-04-2014 00:00,0
B0_663,49,10,US,Ohio,08-01-2004 00:00,03-01-2017 00:00,0
B0_729,49,11,None,None,None,None,0
B0_838,49,10,AU,Queensland,22-03-2006 00:00,22-03-2017 00:00,0
B0_896,49,10,US,FL,26-07-2003 00:00,22-04-2016 00:00,0
B0_923,49,9,US,CA,29-03-1997 00:00,29-11-2016 00:00,0
B0_95,49,10,US,UT,16-05-1995 00:00,21-10-2016 00:00,0
B0_974,49,9,AU,NSW,19-08-2004 00:00,05-07-2016 00:00,0
M0_105,50,13,CZ,PRAHA,07-10-2006 00:00,07-03-2017 00:00,1
M0_147,50,11,None,None,None,None,1
M0_88,50,11,UA,NONE,26-04-2004 00:00,27-04-2017 00:00,1
B0_1026,50,12,US,CA,02-11-2002 00:00,02-02-2017 00:00,0
B0_1088,50,9,CA,ON,09-12-2003 00:00,22-10-2016 00:00,0
B0_1370,50,10,US,IL,09-03-2006 00:00,23-02-2017 00:00,0
B0_1423,50,10,CA,Ontario,23-07-2011 00:00,07-12-2015 00:00,0
B0_199,50,10,US,CA,22-11-2003 00:00,01-05-2014 00:00,0
B0_2132,50,9,US,CA,09-12-2002 00:00,02-05-2014 00:00,0
B0_2180,50,9,US,FL,02-04-1999 00:00,06-05-2016 00:00,0
B0_371,50,10,US,Wisconsin,21-05-2007 21:12,27-03-2014 15:06,0
B0_379,50,10,None,None,None,None,0
B0_402,50,11,US,CA,02-11-2002 00:00,02-02-2017 00:00,0
B0_410,50,10,US,NY,04-10-1996 00:00,17-01-2017 00:00,0
B0_419,50,11,US,CA,01-05-1996 00:00,25-03-2017 00:00,0
B0_429,50,11,None,None,None,None,0
B0_443,50,12,US,NY,31-01-1995 05:00,04-12-2014 17:41,0
B0_492,50,11,US,CA,13-01-2001 00:12,12-12-2015 10:16,0
B0_521,50,9,None,None,22-02-2007 00:00,22-02-2016 00:00,0
B0_537,50,9,US,CA,06-12-1994 00:00,03-11-2015 00:00,0
B0_564,50,10,None,None,None,None,0
B0_610,50,9,US,FL,02-01-2003 00:00,01-01-2017 00:00,0
B0_682,50,11,None,None,None,None,0
B0_708,50,14,US,CA,09-01-1998 00:00,04-01-2017 00:00,0
B0_789,50,9,US,California,26-09-2003 00:00,17-06-2016 00:00,0
B0_797,50,11,US,WA,13-09-2000 00:00,29-08-2016 00:00,0
B0_843,50,9,US,UTAH,06-10-1999 00:00,13-12-2008 00:00,0
B0_861,50,10,US,CA,11-06-2003 00:00,18-10-2014 00:00,0
B0_898,50,10,US,IL,30-12-1996 00:00,30-10-2016 00:00,0
B0_907,50,10,US,FL,14-09-1995 00:00,12-05-2016 00:00,0
B0_975,50,9,US,NJ,27-02-1998 05:00,17-12-2012 21:45,0
M0_100,51,14,CZ,PRAHA,07-10-2006 00:00,07-03-2017 00:00,1
M0_119,51,14,US,WA,11-01-1999 00:00,04-04-2017 00:00,1
B0_1027,51,10,KY,GRAND CAYMAN,04-01-2007 00:00,07-12-2016 00:00,0
B0_1160,51,10,None,None,26-09-2003 00:00,17-06-2016 00:00,0
B0_1186,51,10,US,PA,04-11-2004 22:27,21-09-2016 15:14,0
B0_1346,51,8,US,CA,25-01-1995 00:00,05-12-2013 00:00,0
B0_1362,51,10,US,Utr,21-01-2007 22:31,23-12-2016 04:58,0
B0_1391,51,9,US,CA,29-03-1997 00:00,29-11-2016 00:00,0
B0_150,51,10,CN,beijingshi,07-03-2000 00:00,27-03-2017 00:00,0
B0_2046,51,9,None,None,None,None,0
B0_2147,51,10,None,None,None,None,0
B0_2186,51,9,US,California,28-11-1999 00:00,09-09-2013 00:00,0
B0_2212,51,12,US,CA,02-11-2002 00:00,02-02-2017 00:00,0
B0_2227,51,8,US,Washington,13-01-2005 00:00,14-01-2016 00:00,0
B0_2279,51,10,None,None,None,None,0
B0_267,51,11,None,None,22-02-2001 00:00,08-04-2017 00:00,0
B0_347,51,10,US,CO,28-09-1996 00:00,26-09-2016 00:00,0
B0_377,51,11,US,CA,20-11-2007 00:00,13-05-2016 00:00,0
B0_435,51,10,US,CA,12-12-2003 00:00,18-10-2016 00:00,0
B0_479,51,11,US,WA,01-06-2001 00:00,17-05-2016 00:00,0
B0_780,51,9,US,Arizona,04-05-2001 00:00,09-11-2016 00:00,0
B0_787,51,11,US,UT,16-05-1995 00:00,21-10-2016 00:00,0
B0_814,51,9,US,CA,29-03-1997 00:00,29-11-2016 00:00,0
B0_837,51,8,US,VA,09-09-2002 00:00,29-08-2014 00:00,0
B0_938,51,11,US,Arizona,15-02-2000 00:00,10-01-2017 00:00,0
M0_104,52,14,CZ,PRAHA,07-10-2006 00:00,07-03-2017 00:00,1
M0_161,52,12,BR,None,None,None,1
M0_58,52,14,CN,Bei Jing,01-03-2005 00:00,07-09-2016 00:00,1
B0_1007,52,9,US,CA,29-03-1997 00:00,29-11-2016 00:00,0
B0_1022,52,12,US,VA,21-02-1992 00:00,22-08-2016 00:00,0
B0_1076,52,10,US,CA,15-10-2005 00:00,13-09-2016 00:00,0
B0_1080,52,10,US,CA,01-06-1996 00:00,02-04-2017 00:00,0
B0_1115,52,10,US,Ohio,08-01-2004 00:00,03-01-2017 00:00,0
B0_1166,52,11,US,CA,13-01-2001 00:12,12-12-2015 10:16,0
B0_1191,52,12,PA,PANAMA,05-03-2005 00:00,14-12-2015 00:00,0
B0_1293,52,10,US,CA,14-04-1998 00:00,14-04-2017 00:00,0
B0_1304,52,10,US,CA,02-06-1994 00:00,06-01-2017 00:00,0
B0_1307,52,12,US,CA,09-01-1998 00:00,04-01-2017 00:00,0
B0_181,52,11,CH,ZH,19-02-1997 00:00,15-12-2015 00:00,0
B0_2014,52,10,US,NY,31-05-1995 00:00,18-11-2013 00:00,0
B0_2032,52,9,US,WA,13-09-2000 00:00,29-08-2016 00:00,0
B0_2109,52,10,US,NJ,02-03-1995 00:00,30-06-2016 00:00,0
B0_211,52,9,None,None,18-01-2008 00:00,05-01-2017 00:00,0
B0_2198,52,9,CA,ON,09-12-2003 00:00,22-10-2016 00:00,0
B0_2232,52,10,US,WA,22-03-1999 00:00,15-07-2016 00:00,0
B0_2316,52,11,None,None,None,None,0
B0_261,52,11,None,None,27-05-1998 00:00,25-04-2017 00:00,0
B0_319,52,9,CA,ON,17-09-1998 00:00,10-11-2016 00:00,0
B0_325,52,10,None,None,07-05-1998 00:00,16-09-2016 00:00,0
B0_401,52,10,US,NV,01-11-1994 00:00,30-04-2014 00:00,0
B0_420,52,8,None,None,05-11-2003 00:00,06-11-2016 00:00,0
B0_634,52,11,None,None,None,None,0
B0_670,52,11,US,NJ,23-10-1994 00:00,01-11-2016 00:00,0
B0_696,52,11,HK,-,24-05-2010 00:00,25-07-2016 00:00,0
B0_741,52,10,US,WA,22-03-1999 00:00,15-07-2016 00:00,0
B0_880,52,10,CA,Quebec,14-10-2007 12:24,01-09-2016 14:20,0
B0_89,52,9,None,None,None,None,0
B0_908,52,8,AU,QLD,25-11-2016 00:00,15-03-2017 00:00,0
B0_909,52,10,CA,Manitoba,30-09-2002 00:00,24-09-2016 00:00,0
B0_954,52,11,US,CA,18-01-1995 00:00,26-08-2015 00:00,0
B0_956,52,11,US,CA,31-07-2000 00:00,29-06-2016 00:00,0
M0_80,53,12,US,ALABAMA,09-02-2007 00:00,09-02-2017 00:00,1
B0_1012,53,11,US,CA,29-03-1997 00:00,29-11-2016 00:00,0
B0_1091,53,10,US,CO,10-02-1999 00:00,06-02-2017 00:00,0
B0_1247,53,8,US,PA,07-08-1995 00:00,27-03-2014 00:00,0
B0_1264,53,10,CA,Quebec,21-05-1997 00:00,26-07-2016 00:00,0
B0_1325,53,12,US,CA,09-01-1998 00:00,04-01-2017 00:00,0
B0_1336,53,11,None,None,None,None,0
B0_2048,53,10,None,None,10-01-2006 00:00,11-11-2014 00:00,0
B0_2119,53,11,US,NH,31-08-2004 00:00,01-06-2016 00:00,0
B0_2131,53,10,CA,Quebec,21-05-1997 00:00,26-07-2016 00:00,0
B0_2268,53,9,US,GA,05-12-2005 00:00,22-04-2015 00:00,0
B0_294,53,7,CA,ON,27-05-2002 00:00,28-04-2017 00:00,0
B0_472,53,12,None,None,05-05-2001 00:00,28-01-2015 00:00,0
B0_556,53,12,CA,ON,01-12-1996 05:00,30-11-2016 10:30,0
B0_827,53,9,None,None,None,None,0
B0_862,53,10,United Kingdom,None,None,None,0
B0_91,53,11,None,None,01-03-2008 00:00,17-04-2015 00:00,0
B0_951,53,12,US,WA,01-06-2001 00:00,17-05-2016 00:00,0
B0_977,53,9,US,CA,06-12-1994 00:00,03-11-2015 00:00,0
M0_41,54,11,US,Arizona,16-02-2005 00:00,24-02-2016 00:00,1
M0_87,54,11,US,CA,17-12-2005 00:00,18-11-2015 00:00,1
B0_1002,54,11,US,PA,07-08-1995 00:00,27-03-2014 00:00,0
B0_1059,54,12,None,None,None,None,0
B0_1129,54,9,US,MI,15-11-1998 00:00,23-12-2011 00:00,0
B0_1149,54,12,None,None,None,None,0
B0_1188,54,9,US,FL,02-10-2002 00:00,14-03-2017 00:00,0
B0_1200,54,12,None,None,None,None,0
B0_1301,54,8,US,WA,13-09-2000 00:00,29-08-2016 00:00,0
B0_1315,54,11,US,CA,18-01-1995 00:00,26-08-2015 00:00,0
B0_174,54,9,CA,ON,06-03-1998 00:00,30-03-2017 00:00,0
B0_2007,54,12,US,VA,21-02-1992 00:00,22-08-2016 00:00,0
B0_2045,54,12,US,CA,13-01-2001 00:12,12-12-2015 10:16,0
B0_2133,54,10,CN,Zhejiang,15-04-1999 00:00,20-06-2012 00:00,0
B0_2207,54,12,None,None,None,None,0
B0_230,54,10,US,CA,29-09-2005 00:00,05-05-2016 00:00,0
B0_247,54,9,US,CA,29-03-1997 00:00,29-11-2016 00:00,0
B0_320,54,10,US,CA,09-12-2002 00:00,02-05-2014 00:00,0
B0_370,54,10,US,TX,17-07-2000 00:00,03-03-2017 00:00,0
B0_387,54,12,None,None,None,None,0
B0_4,54,9,US,WA,27-06-2015 00:00,18-04-2016 00:00,0
B0_478,54,9,None,None,19-02-2005 00:00,20-02-2017 00:00,0
B0_48,54,11,US,FL,07-11-1996 00:00,25-08-2015 00:00,0
B0_594,54,10,US,CA,14-12-1995 05:00,06-12-2016 21:52,0
B0_665,54,10,US,CA,13-01-2001 00:12,12-12-2015 10:16,0
B0_750,54,12,US,FL,06-11-1998 00:00,05-09-2014 00:00,0
B0_799,54,11,AU,NSW,29-09-2000 00:00,18-11-2014 00:00,0
B0_858,54,12,None,None,18-10-2000 00:00,16-01-2017 00:00,0
B0_968,54,11,US,MA,21-08-1998 00:00,03-10-2016 00:00,0
M0_102,55,12,CZ,PRAHA,07-10-2006 00:00,07-03-2017 00:00,1
M0_84,55,12,PA,PANAMA,19-07-2004 00:00,06-07-2016 00:00,1
B0_1039,55,10,US,NY,30-12-2002 00:00,09-04-2014 00:00,0
B0_1047,55,9,US,CA,11-09-1997 04:00,09-12-2015 14:43,0
B0_1126,55,12,US,Illinois,15-09-2003 00:00,16-09-2016 00:00,0
B0_1146,55,10,US,MA,15-09-1997 00:00,15-11-2016 00:00,0
B0_1168,55,11,US,CA,21-05-1998 00:00,16-05-2016 00:00,0
B0_1187,55,10,US,FL,04-01-1997 00:00,30-11-2016 00:00,0
B0_1339,55,12,US,CA,18-01-1995 00:00,26-08-2015 00:00,0
B0_1354,55,9,SI,Not Applicable,25-07-2003 18:21,06-12-2015 17:05,0
B0_1368,55,10,US,CA,13-01-2001 00:12,12-12-2015 10:16,0
B0_1421,55,12,US,MO,20-05-1996 00:00,24-10-2016 00:00,0
B0_177,55,8,None,None,05-11-2003 00:00,06-11-2016 00:00,0
B0_201,55,11,US,CA,13-01-2001 00:12,12-12-2015 10:16,0
B0_2023,55,12,BS,New Providence,25-10-2005 00:00,20-10-2016 00:00,0
B0_2071,55,9,US,FL,29-12-1999 00:00,14-04-2017 00:00,0
B0_21,55,10,US,DE,01-09-1995 04:00,01-03-2017 19:31,0
B0_2141,55,10,CA,ON,09-12-2003 00:00,22-10-2016 00:00,0
B0_2190,55,12,US,CA,13-01-2001 00:12,12-12-2015 10:16,0
B0_2300,55,10,US,CA,16-03-2003 08:22,29-03-2016 17:55,0
B0_346,55,12,US,NV,01-11-1994 00:00,30-04-2014 00:00,0
B0_415,55,10,US,CA,22-11-2003 00:00,01-05-2014 00:00,0
B0_502,55,10,US,CA,13-01-2001 00:12,12-12-2015 10:16,0
B0_664,55,9,US,CA,29-03-1997 00:00,29-11-2016 00:00,0
B0_706,55,9,US,CA,29-03-1997 00:00,29-11-2016 00:00,0
B0_716,55,9,US,CA,29-03-1997 00:00,29-11-2016 00:00,0
B0_738,55,11,US,NV,01-11-1994 00:00,30-04-2014 00:00,0
B0_815,55,10,US,WI,02-12-1998 00:00,01-12-2016 00:00,0
B0_879,55,12,US,CA,02-11-2002 00:00,02-02-2017 00:00,0
B0_936,55,10,US,CA,16-03-2003 08:22,29-03-2016 17:55,0
B0_959,55,11,AU,None,22-07-2008 00:00,22-07-2016 00:00,0
M0_93,56,11,PK,Punjab,27-09-2013 00:00,29-09-2016 00:00,1
B0_1,56,8,US,CA,05-11-1999 00:00,11-08-2016 00:00,0
B0_1110,56,12,None,None,b,17-03-2017 00:00,0
B0_1124,56,11,US,CA,13-08-2002 00:00,14-03-2017 00:00,0
B0_1144,56,11,US,New York,01-09-1998 00:00,15-10-2016 00:00,0
B0_1179,56,12,US,CA,02-11-2002 00:00,02-02-2017 00:00,0
B0_1214,56,9,CA,qc,08-12-1997 00:00,18-10-2015 00:00,0
B0_1227,56,10,US,CA,29-03-1997 00:00,29-11-2016 00:00,0
B0_1276,56,12,US,CA,20-10-1998 00:00,04-12-2013 00:00,0
B0_1317,56,10,US,CO,16-12-1993 05:00,09-09-2015 20:47,0
B0_1396,56,11,US,GA,16-02-2001 09:00,23-09-2014 14:02,0
B0_2062,56,10,US,Connecticut,13-12-1995 00:00,14-09-2015 00:00,0
B0_2215,56,10,PA,PANAMA,25-02-1999 00:00,18-01-2016 00:00,0
B0_225,56,9,US,CA,29-03-1997 00:00,29-11-2016 00:00,0
B0_2281,56,11,None,None,13-10-2000 00:00,28-08-2015 00:00,0
B0_249,56,9,US,CA,29-03-1997 00:00,29-11-2016 00:00,0
B0_28,56,11,AU,None,22-07-2008 00:00,22-07-2016 00:00,0
B0_394,56,11,None,None,06-08-2004 00:00,05-07-2016 00:00,0
B0_421,56,9,US,Nevada,18-05-2003 07:22,19-05-2016 15:04,0
B0_473,56,9,CA,Quebec,04-02-2003 00:00,06-02-2017 00:00,0
B0_514,56,12,CN,hunansheng,30-08-2004 00:00,08-03-2017 00:00,0
B0_522,56,13,US,MO,20-05-1996 00:00,24-10-2016 00:00,0
B0_56,56,12,US,Ohio,08-01-2004 00:00,03-01-2017 00:00,0
B0_615,56,10,US,Arizona,09-08-2002 18:13,03-04-2016 11:08,0
B0_714,56,12,US,CA,13-01-2001 00:12,12-12-2015 10:16,0
B0_853,56,9,IL,il,29-12-2008 00:00,15-03-2017 00:00,0
B0_867,56,9,None,None,None,None,0
B0_881,56,11,DE,Berlin,31-07-2006 00:00,28-02-2017 00:00,0
B0_943,56,11,US,CA,16-11-1998 00:00,03-03-2017 00:00,0
B0_944,56,10,US,FL,18-04-2000 00:00,18-04-2016 00:00,0
B0_98,56,11,None,None,20-04-2001 00:00,22-05-2015 00:00,0
B0_984,56,11,US,Arizona,28-09-2005 00:00,02-03-2017 00:00,0
B0_986,56,11,PA,PANAMA,31-05-2005 00:00,06-03-2017 00:00,0
B0_1041,57,9,US,FL,03-08-1998 00:00,06-02-2017 00:00,0
B0_1092,57,11,US,CA,13-01-2001 00:12,12-12-2015 10:16,0
B0_1249,57,11,US,Arizona,14-02-2000 00:00,14-02-2016 00:00,0
B0_1348,57,10,US,NV,01-11-1994 00:00,30-04-2014 00:00,0
B0_1414,57,9,US,CA,29-03-1997 00:00,29-11-2016 00:00,0
B0_2081,57,11,None,None,None,None,0
B0_2130,57,11,None,None,16-10-2000 00:00,25-10-2016 00:00,0
B0_2150,57,11,None,None,05-02-1999 00:00,20-04-2015 00:00,0
B0_2167,57,10,US,UT,05-02-1999 00:00,16-06-2014 00:00,0
B0_2173,57,12,US,NY,14-04-1998 00:00,15-03-2017 00:00,0
B0_2191,57,12,None,None,28-08-2007 00:00,29-04-2013 00:00,0
B0_250,57,10,US,CA,29-03-1997 00:00,29-11-2016 00:00,0
B0_299,57,10,US,Ohio,08-01-2004 00:00,03-01-2017 00:00,0
B0_375,57,10,SE,INDAL,19-12-2006 00:00,17-12-2016 00:00,0
B0_413,57,10,None,None,16-01-2001 00:00,17-12-2016 00:00,0
B0_458,57,12,US,IL,12-12-1990 00:00,08-06-2015 00:00,0
B0_517,57,9,JP,Osaka,19-07-2016 00:00,19-07-2016 00:00,0
B0_535,57,10,US,CA,25-02-1999 00:00,18-01-2017 00:00,0
B0_546,57,13,US,NY,13-11-2003 00:00,12-01-2017 00:00,0
B0_578,57,11,US,NV,01-11-1994 00:00,30-04-2014 00:00,0
B0_625,57,11,US,NY,02-12-2000 00:00,03-11-2016 00:00,0
B0_636,57,10,US,NY,30-12-2002 00:00,09-04-2014 00:00,0
B0_732,57,11,IT,RM,07-04-2006 16:53,08-04-2017 01:39,0
B0_749,57,10,None,None,None,None,0
B0_75,57,11,US,CO,08-05-2003 00:00,05-05-2015 00:00,0
B0_791,57,11,US,UT,16-05-1995 00:00,21-10-2016 00:00,0
B0_86,57,7,None,None,29-07-2004 00:00,03-01-2016 00:00,0
B0_882,57,12,US,Arizona,30-11-2006 00:00,17-04-2015 00:00,0
B0_932,57,13,US,CA,13-01-2001 00:12,12-12-2015 10:16,0
B0_996,57,11,US,IL,09-03-2006 00:00,23-02-2017 00:00,0
M0_103,58,12,CZ,PRAHA,07-10-2006 00:00,07-03-2017 00:00,1
M0_83,58,13,US,UTAH,06-05-2006 00:00,06-05-2016 00:00,1
B0_1025,58,12,US,NY,18-01-1994 00:00,21-10-2016 00:00,0
B0_1107,58,8,US,MA,12-09-2009 21:54,23-08-2016 10:07,0
B0_1256,58,10,US,UT,05-02-1999 00:00,16-06-2014 00:00,0
B0_1274,58,11,AU,None,22-07-2008 00:00,22-07-2016 00:00,0
B0_2031,58,9,US,Illinois,04-10-2010 00:00,21-10-2014 00:00,0
B0_2074,58,11,US,Arizona,20-04-2001 00:00,22-05-2015 00:00,0
B0_2201,58,10,US,CA,31-07-2000 00:00,29-06-2016 00:00,0
B0_2223,58,11,US,WA,22-03-1999 00:00,15-07-2016 00:00,0
B0_2254,58,11,CA,QC,18-04-2005 22:11,22-03-2017 18:00,0
B0_302,58,8,US,FL,01-10-2001 00:00,16-01-2017 00:00,0
B0_329,58,12,US,CA,18-04-2001 00:00,27-09-2016 00:00,0
B0_338,58,10,CA,ON,14-07-1998 04:00,11-07-2016 09:21,0
B0_358,58,9,US,CO,15-08-1995 00:00,13-07-2016 00:00,0
B0_368,58,9,None,None,08-09-2004 00:00,28-02-2017 00:00,0
B0_554,58,10,US,Arizona,26-01-2001 12:11,07-12-2015 11:23,0
B0_598,58,11,US,CA,13-01-2001 00:12,12-12-2015 10:16,0
B0_604,58,11,None,None,17-07-2006 00:00,07-09-2016 00:00,0
B0_776,58,9,US,Arizona,17-05-2001 00:00,15-04-2015 00:00,0
B0_845,58,11,US,NV,01-11-1994 00:00,30-04-2014 00:00,0
B0_857,58,11,US,NV,01-11-1994 00:00,30-04-2014 00:00,0
B0_921,58,12,US,va,07-09-1993 00:00,05-08-2016 00:00,0
B0_1081,59,11,US,NV,01-11-1994 00:00,30-04-2014 00:00,0
B0_1119,59,11,US,Arizona,07-06-2001 00:00,27-11-2015 00:00,0
B0_1138,59,10,None,None,13-08-2004 00:00,20-08-2015 00:00,0
B0_1153,59,11,US,UT,16-05-1995 00:00,21-10-2016 00:00,0
B0_12,59,10,None,None,16-06-1996 00:00,28-03-2016 00:00,0
B0_1206,59,12,BS,New Providence,06-11-2007 00:00,01-10-2016 00:00,0
B0_1233,59,10,US,IL,14-06-1995 00:00,17-05-2016 00:00,0
B0_1269,59,11,US,Virginia,23-03-1998 00:00,29-05-2015 00:00,0
B0_1331,59,10,US,FL,21-04-2002 00:00,23-03-2017 00:00,0
B0_1358,59,10,CN,None,07-07-2007 00:00,04-03-2017 00:00,0
B0_1399,59,9,US,CA,29-03-1997 00:00,29-11-2016 00:00,0
B0_1417,59,11,None,None,None,None,0
B0_2047,59,10,US,FL,21-04-2002 00:00,23-03-2017 00:00,0
B0_2050,59,13,US,AZ,31-12-2005 00:00,31-12-2016 00:00,0
B0_2115,59,10,FR,None,17-03-1996 05:00,01-06-2016 10:45,0
B0_2243,59,11,None,None,19-02-2002 00:00,25-04-2016 00:00,0
B0_227,59,15,US,CA,18-01-1995 00:00,26-08-2015 00:00,0
B0_265,59,9,US,CA,28-04-2005 00:00,07-12-2015 00:00,0
B0_296,59,11,AU,None,22-07-2008 00:00,22-07-2016 00:00,0
B0_397,59,9,US,CO,15-08-1995 00:00,13-07-2016 00:00,0
B0_426,59,13,US,UT,21-06-1997 00:00,21-10-2016 00:00,0
B0_486,59,13,US,UT,16-05-1995 00:00,21-10-2016 00:00,0
B0_516,59,11,US,FL,24-04-1999 00:00,23-02-2015 00:00,0
B0_592,59,11,US,FL,24-01-2001 00:00,24-01-2017 00:00,0
B0_600,59,13,US,Missouri,23-05-1997 00:00,15-04-2015 00:00,0
B0_618,59,11,NL,ZH,12-09-2002 00:00,06-05-2015 00:00,0
B0_620,59,10,US,WA,20-02-2006 00:00,22-02-2017 00:00,0
B0_674,59,12,BS,New Providence,06-11-2007 00:00,01-10-2016 00:00,0
B0_718,59,11,US,Oregon,21-11-1997 00:00,05-03-2017 00:00,0
B0_779,59,12,US,Ohio,08-01-2004 00:00,03-01-2017 00:00,0
B0_802,59,11,US,FL,24-04-1999 00:00,23-02-2015 00:00,0
B0_87,59,12,US,FL,19-03-1999 00:00,11-03-2012 00:00,0
B0_93,59,10,None,None,16-06-1996 00:00,28-03-2016 00:00,0
B0_999,59,13,None,None,None,None,0
B0_1031,60,11,US,UT,16-05-1995 00:00,21-10-2016 00:00,0
B0_119,60,11,HK,None,01-09-2016 00:00,02-09-2016 00:00,0
B0_1211,60,11,None,None,None,None,0
B0_1278,60,10,US,CA,04-11-1998 00:00,02-10-2016 00:00,0
B0_1297,60,11,US,UT,16-05-1995 00:00,21-10-2016 00:00,0
B0_1400,60,11,CH,None,09-08-1995 00:00,04-08-2015 00:00,0
B0_2035,60,10,US,CA,15-04-2010 00:00,11-04-2017 00:00,0
B0_2053,60,12,US,CA,12-12-2003 00:00,18-10-2016 00:00,0
B0_2108,60,10,KR,None,04-12-2014 00:00,16-11-2016 00:00,0
B0_2168,60,13,US,CA,02-11-2002 00:00,02-02-2017 00:00,0
B0_2292,60,11,None,None,16-07-1998 16:08,None,0
B0_2312,60,13,None,None,10-06-1999 00:00,11-04-2016 00:00,0
B0_359,60,11,US,Illinois,28-08-2001 00:00,28-04-2015 00:00,0
B0_384,60,12,CA,BC,20-10-1998 00:00,07-12-2015 00:00,0
B0_447,60,9,US,PA,05-06-2003 00:00,26-11-2014 00:00,0
B0_611,60,11,CA,BC,12-10-2003 00:00,07-08-2015 00:00,0
B0_627,60,11,US,ny,20-05-1996 00:00,19-04-2017 00:00,0
B0_635,60,13,US,CA,13-01-2001 00:12,12-12-2015 10:16,0
B0_662,60,11,US,CA,14-10-2001 00:00,18-12-2016 00:00,0
B0_675,60,13,GB,London,29-09-1998 00:00,09-04-2017 00:00,0
B0_70,60,12,None,None,16-05-2001 00:00,17-03-2016 00:00,0
B0_770,60,12,US,FL,13-06-1995 00:00,05-05-2015 00:00,0
B0_8,60,11,US,California,24-09-2006 00:00,26-08-2015 00:00,0
B0_953,60,9,US,OH,13-08-2003 00:00,14-08-2016 00:00,0
B0_972,60,13,US,VA,12-01-1995 00:00,19-12-2016 00:00,0
M0_56,61,12,DE,None,10-09-2003 00:00,11-09-2016 00:00,1
B0_1113,61,10,US,AZ,09-04-2008 00:00,10-04-2017 00:00,0
B0_1189,61,12,US,FL,25-10-2002 00:00,28-03-2014 00:00,0
B0_1231,61,12,None,None,16-10-2000 00:00,25-10-2016 00:00,0
B0_1290,61,11,US,FL,21-05-1995 00:00,22-02-2017 00:00,0
B0_1366,61,10,None,None,None,None,0
B0_1409,61,9,US,WA,13-09-2000 00:00,29-08-2016 00:00,0
B0_157,61,11,US,WA,20-01-1998 00:00,06-03-2017 00:00,0
B0_164,61,12,US,CA,09-08-1996 00:00,04-04-2017 00:00,0
B0_2012,61,12,US,Ohio,08-01-2004 00:00,03-01-2017 00:00,0
B0_2059,61,12,None,None,27-01-1999 00:00,14-10-2012 00:00,0
B0_2086,61,9,None,None,15-08-2013 00:00,07-08-2015 00:00,0
B0_2091,61,10,US,NV,01-11-1994 00:00,30-04-2014 00:00,0
B0_2200,61,11,US,WA,22-03-1999 00:00,15-07-2016 00:00,0
B0_2210,61,12,US,NV,01-11-1994 00:00,30-04-2014 00:00,0
B0_2287,61,11,US,WA,22-03-1999 00:00,15-07-2016 00:00,0
B0_2322,61,11,US,DE,10-08-1999 00:00,03-03-2017 00:00,0
B0_240,61,11,None,None,27-05-1997 00:00,28-04-2017 00:00,0
B0_272,61,13,US,NY,13-03-2000 00:00,10-02-2016 00:00,0
B0_342,61,13,US,WA,03-04-2011 00:00,11-03-2017 00:00,0
B0_350,61,11,US,California,24-09-2006 00:00,26-08-2015 00:00,0
B0_924,61,14,None,None,None,None,0
B0_973,61,10,US,CO,16-12-2004 00:00,09-09-2013 00:00,0
B0_106,62,13,US,FL,24-04-1999 00:00,23-02-2015 00:00,0
B0_1106,62,13,US,CA,13-01-2001 00:12,12-12-2015 10:16,0
B0_1133,62,12,None,None,17-07-2006 00:00,07-09-2016 00:00,0
B0_1171,62,13,US,FL,24-04-1999 00:00,23-02-2015 00:00,0
B0_1212,62,12,US,NY,30-12-2002 00:00,09-04-2014 00:00,0
B0_1255,62,12,US,CA,13-01-2001 00:12,12-12-2015 10:16,0
B0_1327,62,13,CA,Ontario,04-06-2010 00:00,07-04-2016 00:00,0
B0_1330,62,10,US,Missouri,11-10-2005 00:00,19-09-2016 00:00,0
B0_1379,62,9,US,PA,25-10-2003 00:00,26-11-2014 00:00,0
B0_276,62,11,US,UT,16-05-1995 00:00,21-10-2016 00:00,0
B0_383,62,11,None,None,13-07-2001 00:00,26-04-2015 00:00,0
B0_743,62,11,IN,MAHARASHTR,22-12-2003 00:00,04-03-2017 00:00,0
B0_788,62,11,US,California,26-09-2003 00:00,17-06-2016 00:00,0
B0_917,62,12,US,CA,31-07-2000 00:00,29-06-2016 00:00,0
B0_995,62,12,AU,Queensland,22-03-2006 00:00,22-03-2017 00:00,0
B0_100,63,14,None,None,26-01-2007 00:00,21-01-2016 00:00,0
B0_1000,63,12,US,CA,13-08-2002 00:00,14-03-2017 00:00,0
B0_1182,63,11,US,CA,13-01-2001 00:12,12-12-2015 10:16,0
B0_1202,63,13,US,CA,13-01-2001 00:12,12-12-2015 10:16,0
B0_1291,63,12,US,Arizona,19-10-2006 00:00,20-10-2016 00:00,0
B0_204,63,11,None,None,None,None,0
B0_2041,63,11,None,None,21-06-2004 06:33,17-03-2017 14:30,0
B0_2154,63,10,US,WA,03-12-1996 00:00,23-02-2017 00:00,0
B0_2276,63,9,None,None,09-02-2005 00:00,11-12-2015 00:00,0
B0_3,63,12,None,None,None,None,0
B0_380,63,12,None,None,27-03-1998 00:00,15-10-2016 00:00,0
B0_417,63,14,CA,ONTARIO,02-05-2005 00:00,03-04-2017 00:00,0
B0_497,63,11,US,OH,20-03-2002 00:00,18-02-2017 00:00,0
B0_52,63,11,FR,None,15-03-2005 00:00,28-06-2016 00:00,0
B0_547,63,13,US,UT,16-05-1995 00:00,21-10-2016 00:00,0
B0_558,63,12,US,Illinois,05-12-1996 05:00,31-05-2013 23:28,0
B0_679,63,11,US,CA,29-03-1997 00:00,29-11-2016 00:00,0
B0_7,63,10,US,WA,10-10-2006 00:00,07-03-2017 00:00,0
B0_722,63,10,US,PA,05-06-2003 00:00,26-11-2014 00:00,0
B0_754,63,10,US,CA,18-01-1995 00:00,26-08-2015 00:00,0
B0_757,63,14,None,None,None,None,0
B0_771,63,11,None,None,None,None,0
B0_1105,64,11,US,WA,01-08-2007 00:00,04-03-2017 00:00,0
B0_1147,64,13,US,CA,22-04-1997 00:00,22-02-2017 00:00,0
B0_1267,64,11,UK,None,03-06-1993 00:00,02-11-2016 00:00,0
B0_1320,64,13,US,NY,30-12-2002 00:00,09-04-2014 00:00,0
B0_1364,64,13,US,NV,01-11-1994 00:00,30-04-2014 00:00,0
B0_1376,64,10,US,ca,14-05-1999 00:00,28-06-2016 00:00,0
B0_191,64,10,IN,Haryana,22-11-1996 00:00,06-04-2016 00:00,0
B0_2049,64,11,US,nj,24-06-2003 00:00,22-08-2016 00:00,0
B0_2114,64,12,US,CA,09-01-1998 00:00,04-01-2017 00:00,0
B0_2195,64,11,None,None,18-04-2000 00:00,18-04-2016 00:00,0
B0_318,64,13,US,NV,01-11-1994 00:00,30-04-2014 00:00,0
B0_323,64,11,GB,MIDDLESEX,27-04-2007 00:00,20-04-2017 00:00,0
B0_405,64,11,US,NV,01-11-1994 00:00,30-04-2014 00:00,0
B0_657,64,10,US,WA,03-12-1996 00:00,23-02-2017 00:00,0
B0_78,64,13,NO,Rogaland,07-04-2006 10:47,19-04-2017 12:59,0
B0_844,64,13,US,TX,30-03-1994 00:00,27-02-2017 00:00,0
B0_860,64,14,US,FL,12-02-1999 00:00,14-12-2016 00:00,0
B0_983,64,11,US,FL,16-09-1996 00:00,15-09-2011 00:00,0
B0_1003,65,11,None,None,None,None,0
B0_1356,65,12,US,NV,01-11-1994 00:00,30-04-2014 00:00,0
B0_1367,65,11,US,NY,08-05-1996 00:00,27-01-2017 00:00,0
B0_186,65,12,CA,ON,27-05-2010 00:00,27-02-2017 00:00,0
B0_2129,65,14,US,California,24-09-2006 00:00,26-08-2015 00:00,0
B0_2189,65,14,US,IL,12-12-1990 00:00,08-06-2015 00:00,0
B0_224,65,10,US,CA,29-03-1997 00:00,29-11-2016 00:00,0
B0_344,65,12,US,CO,28-09-1996 00:00,26-09-2016 00:00,0
B0_449,65,11,None,None,11-10-2000 00:00,12-12-2016 00:00,0
B0_481,65,14,US,WA,24-07-2006 17:52,21-06-2016 17:27,0
B0_538,65,13,None,None,None,None,0
B0_76,65,12,US,DE,05-03-1998 00:00,29-02-2016 00:00,0
B0_825,65,11,US,UT,16-05-1995 00:00,21-10-2016 00:00,0
B0_929,65,11,US,NY,28-01-2006 00:00,30-12-2016 00:00,0
M0_85,66,14,US,MA,09-10-2014 00:00,10-10-2016 00:00,1
B0_1018,66,13,None,None,None,None,0
B0_1040,66,10,US,CA,18-01-1995 00:00,26-08-2015 00:00,0
B0_1406,66,12,US,NV,01-11-1994 00:00,30-04-2014 00:00,0
B0_2134,66,11,US,District of Columbia,01-02-2003 16:44,02-02-2017 17:11,0
B0_2187,66,10,None,None,24-10-2000 00:00,06-01-2016 00:00,0
B0_31,66,12,None,None,29-08-2001 00:00,26-04-2015 00:00,0
B0_846,66,15,CA,ON,26-07-2005 00:00,06-10-2016 00:00,0
B0_933,66,11,US,DC,08-02-1996 00:00,21-05-2016 00:00,0
B0_969,66,15,None,None,02-10-2001 13:00,15-09-2014 07:40,0
M0_177,67,14,US,AZ,12-10-1997 04:00,05-04-2017 05:17,1
B0_1023,67,14,US,CA,18-01-1995 00:00,26-08-2015 00:00,0
B0_1197,67,12,None,None,23-02-2010 00:00,05-01-2016 00:00,0
B0_1248,67,9,US,Arizona,16-09-2004 00:00,28-10-2016 00:00,0
B0_1309,67,10,US,FL,27-07-2003 00:00,21-05-2014 00:00,0
B0_198,67,9,US,PA,05-06-2003 00:00,26-11-2014 00:00,0
B0_2057,67,9,None,None,15-07-1999 00:00,15-05-2016 00:00,0
B0_2120,67,10,US,Kansas,07-03-2000 00:00,31-01-2017 00:00,0
B0_2298,67,13,US,California,28-07-2007 00:00,21-09-2015 00:00,0
B0_339,67,12,US,FL,10-02-2000 00:00,28-02-2017 00:00,0
B0_440,67,12,US,NY,30-12-2002 00:00,09-04-2014 00:00,0
B0_513,67,14,US,CA,13-01-2001 00:12,12-12-2015 10:16,0
B0_643,67,11,US,CO,19-07-2004 14:56,01-02-2017 05:28,0
B0_655,67,13,US,NY,12-03-1999 00:00,16-11-2016 00:00,0
B0_88,67,13,US,OH,02-05-1996 00:00,04-04-2017 00:00,0
B0_1235,68,13,CA,Ontario,18-01-2008 00:00,05-01-2017 00:00,0
B0_1254,68,13,US,NY,18-01-1994 00:00,21-10-2016 00:00,0
B0_1386,68,12,None,None,13-10-2000 00:00,27-04-2017 00:00,0
B0_148,68,11,SE,None,24-09-2009 00:00,01-03-2017 00:00,0
B0_2286,68,12,US,MA,07-03-2001 00:00,18-08-2015 00:00,0
B0_2288,68,12,US,CA,18-01-1995 00:00,26-08-2015 00:00,0
B0_27,68,14,US,NY,02-01-2001 00:00,31-05-2016 00:00,0
B0_327,68,13,US,Arizona,30-11-2006 00:00,17-04-2015 00:00,0
B0_651,68,15,US,NV,01-11-1994 00:00,30-04-2014 00:00,0
B0_684,68,12,US,CA,13-01-2001 00:12,12-12-2015 10:16,0
B0_734,68,14,US,Nevada,13-11-2002 00:00,12-08-2015 00:00,0
B0_79,68,11,US,Arizona,26-01-2006 21:09,11-04-2017 23:16,0
B0_866,68,11,GB,HANTS,21-12-2006 00:00,04-03-2017 00:00,0
B0_957,68,12,US,NV,01-11-1994 00:00,30-04-2014 00:00,0
M0_178,69,13,US,PA,16-11-2016 00:00,16-11-2016 00:00,1
B0_1077,69,14,US,CA,31-07-2000 00:00,29-06-2016 00:00,0
B0_1098,69,13,CA,ONTARIO,13-05-2011 00:00,13-05-2016 00:00,0
B0_115,69,13,None,None,18-10-2000 00:00,30-10-2016 00:00,0
B0_1194,69,12,US,Ohio,26-05-1998 00:00,04-05-2016 00:00,0
B0_1271,69,11,US,CA,18-01-1995 00:00,26-08-2015 00:00,0
B0_1273,69,11,UK,None,03-06-1993 00:00,02-11-2016 00:00,0
B0_133,69,13,PA,PANAMA,02-04-2008 00:00,13-06-2016 00:00,0
B0_1395,69,12,US,NV,01-11-1994 00:00,30-04-2014 00:00,0
B0_2006,69,12,US,UT,16-05-1995 00:00,21-10-2016 00:00,0
B0_2246,69,11,US,California,08-04-2000 00:00,31-01-2013 00:00,0
B0_372,69,12,US,CA,29-03-1997 00:00,29-11-2016 00:00,0
B0_459,69,12,Cyprus,None,05-11-2007 00:00,22-02-2017 00:00,0
B0_47,69,13,US,CA,18-01-1995 00:00,26-08-2015 00:00,0
B0_530,69,12,US,NV,01-11-1994 00:00,30-04-2014 00:00,0
B0_545,69,11,US,Illinois,19-04-2006 00:00,29-07-2013 00:00,0
B0_58,69,11,None,None,01-06-2006 00:00,06-03-2017 00:00,0
B0_745,69,14,US,NY,12-03-1999 00:00,16-11-2016 00:00,0
B0_955,69,14,US,CA,31-07-2000 00:00,29-06-2016 00:00,0
M1_1,70,12,None,None,0,None,1
B0_1016,70,15,US,MO,20-05-1996 00:00,24-10-2016 00:00,0
B0_1045,70,13,CA,ON,10-03-1998 00:00,24-02-2015 00:00,0
B0_1057,70,15,None,None,None,None,0
B0_1155,70,14,AU,Queensland,23-01-2004 00:00,08-01-2017 00:00,0
B0_1169,70,13,US,California,03-03-1999 00:00,14-04-2015 00:00,0
B0_1246,70,14,US,IL,12-12-1990 00:00,08-06-2015 00:00,0
B0_130,70,12,None,None,03-06-1998 00:00,02-06-2016 00:00,0
B0_1407,70,12,US,CA,13-01-2001 00:12,12-12-2015 10:16,0
B0_151,70,15,None,None,11-01-2005 00:00,23-01-2014 00:00,0
B0_2028,70,15,US,CA,03-03-2000 00:00,12-01-2017 00:00,0
B0_2161,70,13,CA,Quebec,02-06-2004 00:00,21-03-2015 00:00,0
B0_2169,70,13,CH,Zug,21-11-1997 00:00,19-10-2016 00:00,0
B0_2283,70,13,PA,PANAMA,11-11-2007 00:00,18-12-2015 00:00,0
B0_2308,70,10,US,New York,11-06-2002 00:00,05-06-2014 00:00,0
B0_260,70,13,None,None,None,None,0
B0_264,70,13,US,VT,15-11-1995 00:00,15-09-2015 00:00,0
B0_367,70,12,US,MO,None,None,0
B0_654,70,14,US,VA,15-12-1994 00:00,10-12-2016 00:00,0
B0_681,70,12,US,NV,23-07-1999 00:00,04-03-2017 00:00,0
B0_893,70,14,US,California,17-08-1995 00:00,16-08-2016 00:00,0
B0_899,70,13,US,WA,13-09-2000 00:00,29-08-2016 00:00,0
B0_941,70,13,US,CA,07-09-1995 00:00,04-03-2017 00:00,0
B0_1067,71,6,US,Oregon,29-01-2003 23:45,07-08-2013 22:19,0
B0_1173,71,16,US,Washington,03-08-1999 00:00,14-12-2016 00:00,0
B0_1345,71,14,CA,ON,27-01-2010 00:00,07-08-2015 00:00,0
B0_1371,71,13,US,NV,01-11-1994 00:00,30-04-2014 00:00,0
B0_168,71,13,US,CA,31-07-2000 00:00,29-06-2016 00:00,0
B0_175,71,12,CA,ON,28-12-1998 00:00,17-12-2016 00:00,0
B0_207,71,12,US,CA,18-01-1996 05:00,20-01-2017 01:26,0
B0_66,71,11,PA,PANAMA,28-11-1999 00:00,04-04-2017 00:00,0
B0_669,71,12,FR,None,15-03-2005 00:00,28-06-2016 00:00,0
B0_678,71,14,None,None,None,None,0
B0_692,71,11,US,CA,18-01-1995 00:00,26-08-2015 00:00,0
B0_707,71,14,None,None,b,23-10-2013 00:00,0
B0_72,71,12,US,NV,01-11-1994 00:00,30-04-2014 00:00,0
B0_728,71,11,IN,TN,None,None,0
B0_828,71,11,us,CA,17-11-2006 00:00,31-03-2016 00:00,0
B0_875,71,15,TR,None,21-05-2006 00:00,17-05-2013 00:00,0
B0_1145,72,14,CA,ON,24-11-2001 00:00,08-08-2015 00:00,0
B0_1164,72,14,[u'GB'; u'UK'],UK,2002-03-20T23:59:59.0Z,2017-03-07T22:02:38.0Z,0
B0_1172,72,16,US,NY,23-03-1995 00:00,03-03-2017 00:00,0
B0_1275,72,12,KR,None,06-09-1997 00:00,11-01-2016 00:00,0
B0_1282,72,12,US,NY,31-10-1997 00:00,30-10-2016 00:00,0
B0_1313,72,12,US,UT,16-05-1995 00:00,21-10-2016 00:00,0
B0_141,72,15,US,CA,22-09-2002 00:00,22-09-2016 00:00,0
B0_2040,72,13,None,None,None,None,0
B0_2084,72,14,US,VA,15-12-1994 00:00,10-12-2016 00:00,0
B0_24,72,12,US,NV,01-11-1994 00:00,30-04-2014 00:00,0
B0_244,72,9,BE,ANTWERP,13-10-2000 00:00,01-11-2012 00:00,0
B0_335,72,15,None,None,None,None,0
B0_343,72,12,Cyprus,None,04-07-2007 00:00,22-02-2017 00:00,0
B0_489,72,13,None,None,01-05-2009 00:00,02-05-2016 00:00,0
B0_623,72,12,CH,CH,08-04-2009 00:00,12-02-2016 00:00,0
B0_852,72,14,PA,PANAMA,11-11-2007 00:00,18-12-2015 00:00,0
B0_888,72,11,US,Tennessee,10-05-2007 19:20,18-04-2017 17:38,0
B0_930,72,11,US,NJ,08-04-1998 00:00,25-10-2016 00:00,0
B0_1001,73,14,US,LA,20-10-2003 00:00,15-01-2015 00:00,0
B0_1074,73,17,US,PA,05-08-2008 00:00,06-08-2016 00:00,0
B0_1082,73,13,US,UT,16-05-1995 00:00,21-10-2016 00:00,0
B0_1184,73,14,US,NY,29-03-2008 00:00,10-02-2017 00:00,0
B0_1229,73,15,US,Arizona,15-12-2007 00:00,03-04-2016 00:00,0
B0_1240,73,13,US,UT,16-05-1995 00:00,21-10-2016 00:00,0
B0_132,73,13,US,UT,16-05-1995 00:00,21-10-2016 00:00,0
B0_1334,73,15,US,CA,03-09-1996 04:00,30-09-2009 02:59,0
B0_213,73,15,CA,ON,09-12-2003 00:00,22-10-2016 00:00,0
B0_2235,73,11,US,Illinois,02-08-2000 00:00,26-04-2017 00:00,0
B0_2248,73,11,US,CA,31-07-2000 00:00,29-06-2016 00:00,0
B0_2321,73,17,JP,TOKYO-TO,05-11-2007 15:14,12-03-2017 09:17,0
B0_279,73,15,US,CA,02-06-1994 00:00,06-01-2017 00:00,0
B0_36,73,12,None,None,09-01-2007 00:00,30-04-2013 00:00,0
B0_559,73,13,US,MA,29-03-2000 00:00,25-12-2016 00:00,0
B0_699,73,12,US,NV,01-11-1994 00:00,30-04-2014 00:00,0
B0_804,73,17,US,CA,13-01-2001 00:12,12-12-2015 10:16,0
M0_167,74,11,ru,Krasnoyarsk,22-08-2010 00:00,28-04-2017 00:00,1
B0_1162,74,12,US,Pennsylvania,20-03-2005 00:00,22-02-2017 00:00,0
B0_147,74,15,None,None,16-09-2004 00:00,28-03-2016 00:00,0
B0_2208,74,13,US,NV,01-11-1994 00:00,30-04-2014 00:00,0
B0_2251,74,12,CA,Saskatchewan,03-07-2000 00:00,23-06-2016 00:00,0
B0_352,74,16,US,NJ,03-10-1997 00:00,03-08-2014 00:00,0
B0_454,74,13,US,TX,31-01-1996 00:00,16-08-2016 00:00,0
M0_62,75,13,US,PA,20-08-2014 00:00,20-10-2016 00:00,1
B0_1360,75,15,US,CA,31-07-2000 00:00,29-06-2016 00:00,0
B0_196,75,16,US,NJ,23-10-1994 00:00,01-11-2016 00:00,0
B0_2238,75,14,US,CA,13-01-2001 00:12,12-12-2015 10:16,0
B0_248,75,13,None,None,08-09-2004 00:00,28-02-2017 00:00,0
B0_404,75,14,US,CA,15-09-1997 00:00,20-07-2011 00:00,0
B0_868,75,12,US,WA,16-11-1994 00:00,28-10-2015 00:00,0
B0_987,75,15,US,FL,16-05-2000 00:00,17-03-2016 00:00,0
B0_2157,76,13,CA,Quebec,02-06-2004 00:00,21-03-2015 00:00,0
B0_534,76,15,US,CA,09-01-1998 00:00,04-01-2017 00:00,0
B0_80,76,12,None,None,02-10-2007 00:00,20-07-2014 00:00,0
B0_81,76,13,None,None,14-12-2004 00:00,None,0
B0_842,76,12,US,Alabama,03-10-1997 00:00,31-12-2016 00:00,0
B0_912,76,14,None,None,02-10-2000 00:00,03-06-2016 00:00,0
B0_2013,77,15,US,UT,05-02-1999 00:00,16-06-2014 00:00,0
B0_2174,77,13,US,UT,16-05-1995 00:00,21-10-2016 00:00,0
B0_2272,77,14,US,CO,16-06-2014 00:00,31-07-2016 00:00,0
B0_431,77,14,None,None,07-02-2006 00:00,08-02-2017 00:00,0
B0_432,77,14,US,CA,31-07-2000 00:00,29-06-2016 00:00,0
B0_735,77,13,US,va,29-04-1994 00:00,30-08-2013 00:00,0
B0_751,77,14,US,CA,18-01-1995 00:00,26-08-2015 00:00,0
B0_1203,78,10,US,NY,18-01-1994 00:00,21-10-2016 00:00,0
B0_134,78,16,US,LA,20-10-2003 00:00,15-01-2015 00:00,0
B0_1393,78,17,US,CA,13-01-2001 00:12,12-12-2015 10:16,0
B0_2021,78,11,US,WA,07-12-2006 00:00,02-03-2017 00:00,0
B0_212,78,15,JP,Tottori,14-04-2017 00:00,18-04-2017 00:00,0
B0_2146,78,16,US,CA,31-07-2000 00:00,29-06-2016 00:00,0
B0_2203,78,13,US,NY,10-08-1995 00:00,05-08-2016 00:00,0
B0_2211,78,15,US,DC,18-10-2005 00:00,14-10-2016 00:00,0
B0_278,78,13,US,CA,13-01-2001 00:12,12-12-2015 10:16,0
B0_433,78,10,US,NY,18-01-1994 00:00,21-10-2016 00:00,0
B0_680,78,12,US,WA,16-11-1994 00:00,28-10-2015 00:00,0
B0_748,78,13,US,WA,13-09-2000 00:00,29-08-2016 00:00,0
B0_784,78,12,US,NV,01-11-1994 00:00,30-04-2014 00:00,0
B0_964,78,17,US,UT,16-05-1995 00:00,21-10-2016 00:00,0
B0_99,78,16,US,CA,24-02-1996 00:00,18-01-2017 00:00,0
B0_1072,79,13,US,Arkansas,23-06-1999 00:00,12-06-2015 00:00,0
B0_1121,79,14,CA,QC,24-10-1996 00:00,24-08-2015 00:00,0
B0_1193,79,14,US,PA,03-05-2006 00:00,08-08-2016 00:00,0
B0_1223,79,9,US,NJ,26-05-1994 00:00,21-05-2016 00:00,0
B0_1355,79,15,US,Washington,16-09-2004 00:00,28-03-2016 00:00,0
B0_2164,79,15,US,Arizona,17-08-2010 00:00,17-08-2016 00:00,0
B0_269,79,16,US,IL,02-03-2000 00:00,03-03-2017 00:00,0
B0_456,79,15,None,None,26-01-2002 00:00,12-01-2017 00:00,0
B0_1086,80,16,US,California,04-02-1996 00:00,10-08-2016 00:00,0
B0_1094,80,12,US,CA,23-07-2004 00:00,04-03-2017 00:00,0
B0_129,80,12,US,CA,31-07-2000 00:00,29-06-2016 00:00,0
B0_1389,80,15,US,CA,09-01-1998 00:00,04-01-2017 00:00,0
B0_142,80,13,US,CA,18-01-1995 00:00,26-08-2015 00:00,0
B0_2077,80,17,BY,--,17-05-2004 00:00,02-03-2017 00:00,0
B0_2145,80,14,None,None,05-06-2003 00:00,26-11-2014 00:00,0
B0_463,80,13,None,None,19-11-1998 00:00,29-09-2016 00:00,0
B0_756,80,11,US,CA,08-09-2003 00:00,03-03-2017 00:00,0
B0_810,80,16,US,NV,01-11-1994 00:00,30-04-2014 00:00,0
B0_849,80,13,US,CA,31-07-2000 00:00,29-06-2016 00:00,0
B0_878,80,12,US,AZ,10-03-1998 00:00,05-03-2017 00:00,0
M4_70,81,17,US,California,18-06-2003 00:00,14-06-2016 00:00,1
M4_71,81,17,US,California,18-06-2003 00:00,14-06-2016 00:00,1
B0_101,81,14,US,CA,31-07-2000 00:00,29-06-2016 00:00,0
B0_118,81,18,US,OK,07-07-1999 00:00,24-05-2016 00:00,0
B0_2311,81,16,US,UT,05-02-1999 00:00,16-06-2014 00:00,0
B0_469,81,15,None,None,None,None,0
B0_519,81,13,US,NY,25-02-2005 00:00,27-12-2015 00:00,0
B0_649,81,11,US,WA,07-04-2011 00:00,11-03-2017 00:00,0
B0_712,81,16,US,FL,12-02-1999 00:00,14-12-2016 00:00,0
B0_720,81,15,US,Illinois,22-08-2003 00:00,26-12-2012 00:00,0
B0_83,81,12,US,Florida,20-08-2000 00:00,25-02-2017 00:00,0
M4_69,82,17,US,California,18-06-2003 00:00,14-06-2016 00:00,1
M4_72,82,17,US,California,18-06-2003 00:00,14-06-2016 00:00,1
M4_73,82,17,US,California,18-06-2003 00:00,14-06-2016 00:00,1
M4_74,82,17,US,California,18-06-2003 00:00,14-06-2016 00:00,1
B0_2051,82,13,PA,PANAMA,03-03-2004 00:00,31-03-2017 00:00,0
B0_2060,82,17,US,WA,10-11-1994 00:00,08-10-2014 00:00,0
B0_2267,82,14,None,None,18-10-2000 00:00,29-01-2017 00:00,0
B0_228,82,17,None,None,11-10-2005 00:00,10-12-2016 00:00,0
B0_284,82,17,US,FL,09-07-1995 00:00,25-05-2016 00:00,0
B0_382,82,13,US,Florida,02-10-2007 00:00,20-07-2014 00:00,0
B0_77,82,18,US,CA,31-07-2000 00:00,29-06-2016 00:00,0
B0_808,82,12,US,Florida,22-09-2000 00:00,02-09-2016 00:00,0
B0_97,82,14,None,None,17-04-1996 00:00,18-04-2017 00:00,0
M4_64,83,17,US,California,18-06-2003 00:00,14-06-2016 00:00,1
B0_1035,83,17,US,NV,01-11-1994 00:00,30-04-2014 00:00,0
B0_202,83,11,JP,Fukuoka,15-09-2013 00:00,04-08-2016 00:00,0
B0_2096,83,16,US,WA,25-11-1995 00:00,09-10-2015 00:00,0
B0_210,83,21,US,CO,02-04-2009 00:00,21-03-2017 00:00,0
B0_232,83,14,None,None,14-10-1999 00:00,20-11-2013 00:00,0
B0_423,83,15,US,CA,31-07-2000 00:00,29-06-2016 00:00,0
B0_488,83,19,AE,Dubai,10-12-2010 00:00,11-10-2016 00:00,0
B0_752,83,13,US,Minnesota,05-11-1996 05:00,29-08-2016 20:58,0
B0_806,83,17,None,None,16-09-2004 00:00,28-03-2016 00:00,0
M0_63,84,15,US,Washington,08-03-2003 00:00,09-03-2017 00:00,1
B0_1071,84,17,US,UTAH,12-08-2005 00:00,12-08-2016 00:00,0
B0_1385,84,12,US,Arizona,09-02-2005 00:00,02-02-2016 00:00,0
B0_1394,84,15,US,Texas,23-11-1998 00:00,24-04-2015 00:00,0
B0_219,84,14,US,CA,29-03-1997 00:00,29-11-2016 00:00,0
B0_2225,84,14,US,CA,31-07-2000 00:00,29-06-2016 00:00,0
M0_61,85,13,US,Washington,14-03-2004 00:00,15-03-2017 00:00,1
B0_1048,85,18,US,NJ,27-06-1996 00:00,01-11-2016 00:00,0
B0_2083,85,12,US,WA,07-04-2011 00:00,11-03-2017 00:00,0
B0_2256,85,15,US,CA,31-07-2000 00:00,29-06-2016 00:00,0
B0_1261,86,15,US,CA,31-07-2000 00:00,29-06-2016 00:00,0
B0_1352,86,17,US,MI,19-05-2016 00:00,26-09-2016 00:00,0
B0_2075,86,16,US,Arizona,24-05-2006 00:00,06-10-2016 00:00,0
B0_2196,86,17,US,WA,12-02-2000 00:00,16-08-2016 00:00,0
B0_340,86,13,US,IL,03-05-2004 00:00,04-05-2016 00:00,0
B0_430,86,16,US,CA,31-07-2000 00:00,29-06-2016 00:00,0
B0_595,86,15,US,California,15-12-1998 00:00,25-04-2016 00:00,0
B0_958,86,16,US,CA,15-04-2002 00:00,13-04-2016 00:00,0
B0_1069,87,17,US,California,08-05-2001 00:00,19-04-2015 00:00,0
B0_122,87,13,US,CA,13-01-2001 00:12,12-12-2015 10:16,0
B0_2181,87,18,US,FL,05-02-2009 00:00,16-01-2017 00:00,0
B0_407,87,15,US,va,29-04-1994 00:00,30-08-2013 00:00,0
B0_508,87,14,US,KS,07-07-1997 00:00,05-07-2016 00:00,0
B0_589,87,16,US,CA,05-03-1994 00:00,02-02-2017 00:00,0
B0_892,87,16,US,CA,31-07-2000 00:00,29-06-2016 00:00,0
B0_1006,88,14,US,NY,22-05-1995 00:00,21-04-2016 00:00,0
B0_2022,88,15,US,WV,23-04-1996 00:00,26-03-2017 00:00,0
B0_2306,88,17,US,va,29-04-1994 00:00,30-08-2013 00:00,0
B0_2318,88,17,CA,ON,01-08-2007 00:00,03-03-2016 00:00,0
B0_378,88,16,None,None,21-05-1997 00:00,26-07-2016 00:00,0
B0_42,88,15,US,WA,16-11-1994 00:00,28-10-2015 00:00,0
B0_494,88,15,None,None,25-03-2010 00:00,25-03-2017 00:00,0
B0_591,88,13,US,NY,27-01-1995 00:00,24-01-2017 00:00,0
B0_785,88,16,US,va,29-04-1994 00:00,30-08-2013 00:00,0
M4_27,89,18,ES,Barcelona,17-09-2008 00:00,02-09-2016 00:00,1
B0_2017,89,12,US,GA,09-08-1994 00:00,23-06-2016 00:00,0
B0_2039,89,20,US,CA,26-03-2002 00:00,23-02-2017 00:00,0
B0_2117,89,16,US,New York,26-04-1996 00:00,20-12-2013 00:00,0
B0_2159,89,13,US,CA,19-05-2003 00:00,10-10-2016 00:00,0
B0_2175,89,14,None,None,None,None,0
B0_2178,89,16,US,IL,12-12-1990 00:00,08-06-2015 00:00,0
B0_336,89,17,US,CA,31-07-2000 00:00,29-06-2016 00:00,0
B0_672,89,15,US,NY,18-01-1994 00:00,21-10-2016 00:00,0
B0_768,89,20,US,CA,04-08-1995 00:00,26-01-2017 00:00,0
B0_1004,90,15,None,None,20-10-2000 00:00,28-04-2017 00:00,0
B0_2255,90,16,US,TX,02-07-1999 00:00,09-03-2015 00:00,0
B0_2273,90,17,US,New York,17-03-2009 00:00,07-04-2016 00:00,0
B0_57,90,17,CA,ON,27-05-2006 00:00,08-08-2015 00:00,0
B0_621,90,16,US,IL,25-07-1995 00:00,22-03-2017 00:00,0
B0_767,90,17,US,CA,04-08-1995 00:00,26-01-2017 00:00,0
B0_960,90,16,US,CA,04-08-1995 00:00,26-01-2017 00:00,0
B0_533,91,17,US,CA,31-07-2000 00:00,29-06-2016 00:00,0
B0_645,91,14,IE,CO. DUBLIN,11-08-2009 00:00,04-03-2017 00:00,0
B0_821,91,19,PH,Metro Manila,24-03-2005 00:00,13-03-2017 00:00,0
B0_1093,92,19,US,MI,08-07-1996 00:00,27-09-2012 00:00,0
B0_1324,92,18,US,NY,29-03-1994 00:00,26-03-2017 00:00,0
B0_475,92,17,US,va,29-04-1994 00:00,30-08-2013 00:00,0
B0_566,92,18,None,None,None,None,0
B0_629,92,15,US,FL,01-02-1994 00:00,28-04-2016 00:00,0
B0_826,92,16,US,FL,01-02-1994 00:00,28-04-2016 00:00,0
B0_901,92,18,US,CA,29-03-1997 00:00,29-11-2016 00:00,0
M4_63,93,19,US,California,18-06-2003 00:00,14-06-2016 00:00,1
B0_139,93,19,US,va,29-04-1994 00:00,30-08-2013 00:00,0
M0_168,94,20,US,Massachusetts,02-01-2016 00:00,13-02-2017 00:00,1
M4_65,94,19,US,California,18-06-2003 00:00,14-06-2016 00:00,1
M4_68,94,19,US,California,18-06-2003 00:00,14-06-2016 00:00,1
B0_668,94,19,US,Massachusetts,24-02-2008 18:32,25-02-2017 14:18,0
M4_66,95,19,US,California,18-06-2003 00:00,14-06-2016 00:00,1
M4_67,95,19,US,California,18-06-2003 00:00,14-06-2016 00:00,1
B0_1183,95,14,GB,London,02-12-1997 00:00,16-11-2016 00:00,0
B0_1253,95,19,US,CA,03-03-2000 00:00,12-01-2017 00:00,0
B0_185,95,19,None,None,17-10-2008 00:00,24-03-2017 00:00,0
B0_2094,95,15,None,None,None,None,0
B0_2209,95,19,US,DC,16-02-2010 00:00,11-02-2017 00:00,0
B0_1263,96,18,US,va,10-05-1996 00:00,09-04-2017 00:00,0
B0_805,96,15,US,DC,27-01-2007 00:00,22-01-2017 00:00,0
B0_819,96,19,US,California,24-09-2006 00:00,26-08-2015 00:00,0
M0_172,97,15,UY,Montevideo,08-06-2009 03:48,30-05-2016 18:18,1
M0_174,97,15,UY,Montevideo,08-06-2009 03:48,30-05-2016 18:18,1
B0_255,97,17,US,LA,20-10-2003 00:00,15-01-2015 00:00,0
B0_300,97,19,None,None,None,None,0
B0_673,97,15,US,PA,19-04-2003 00:00,26-09-2013 00:00,0
B0_1208,98,19,US,UT,05-02-1999 00:00,16-06-2014 00:00,0
B0_2063,98,16,None,None,20-12-1999 00:00,21-10-2016 00:00,0
B0_2216,98,18,KG,KG,29-12-2007 00:00,14-11-2016 00:00,0
B0_243,98,18,US,nj,04-03-1996 00:00,01-02-2017 00:00,0
B0_355,98,16,US,CA,06-08-2002 00:00,05-08-2013 00:00,0
B0_693,98,18,KG,KG,29-12-2007 00:00,14-11-2016 00:00,0
M4_17,99,20,ES,Barcelona,17-09-2008 00:00,02-09-2016 00:00,1
M4_7,99,20,ES,Barcelona,17-09-2008 00:00,02-09-2016 00:00,1
B0_1134,99,14,US,IL,10-01-2000 00:00,08-11-2016 00:00,0
B0_2234,99,16,US,FLORIDA,17-05-2007 00:00,17-05-2016 00:00,0
B0_334,99,22,SC,Other,10-08-2016 00:00,13-08-2016 00:00,0
B0_374,99,15,CA,ON,23-12-1995 00:00,08-02-2017 00:00,0
M4_1,100,20,ES,Barcelona,17-09-2008 00:00,02-09-2016 00:00,1
M4_10,100,20,ES,Barcelona,17-09-2008 00:00,02-09-2016 00:00,1
M4_11,100,20,ES,Barcelona,17-09-2008 00:00,02-09-2016 00:00,1
M4_12,100,20,ES,Barcelona,17-09-2008 00:00,02-09-2016 00:00,1
M4_13,100,20,ES,Barcelona,17-09-2008 00:00,02-09-2016 00:00,1
M4_14,100,20,ES,Barcelona,17-09-2008 00:00,02-09-2016 00:00,1
M4_15,100,20,ES,Barcelona,17-09-2008 00:00,02-09-2016 00:00,1
M4_16,100,20,ES,Barcelona,17-09-2008 00:00,02-09-2016 00:00,1
M4_18,100,20,ES,Barcelona,17-09-2008 00:00,02-09-2016 00:00,1
M4_19,100,20,ES,Barcelona,17-09-2008 00:00,02-09-2016 00:00,1
M4_2,100,20,ES,Barcelona,17-09-2008 00:00,02-09-2016 00:00,1
M4_20,100,20,ES,Barcelona,17-09-2008 00:00,02-09-2016 00:00,1
M4_21,100,20,ES,Barcelona,17-09-2008 00:00,02-09-2016 00:00,1
M4_22,100,20,ES,Barcelona,17-09-2008 00:00,02-09-2016 00:00,1
M4_23,100,20,ES,Barcelona,17-09-2008 00:00,02-09-2016 00:00,1
M4_24,100,20,ES,Barcelona,17-09-2008 00:00,02-09-2016 00:00,1
M4_25,100,20,ES,Barcelona,17-09-2008 00:00,02-09-2016 00:00,1
M4_26,100,20,ES,Barcelona,17-09-2008 00:00,02-09-2016 00:00,1
M4_3,100,20,ES,Barcelona,17-09-2008 00:00,02-09-2016 00:00,1
M4_4,100,20,ES,Barcelona,17-09-2008 00:00,02-09-2016 00:00,1
M4_5,100,20,ES,Barcelona,17-09-2008 00:00,02-09-2016 00:00,1
M4_6,100,20,ES,Barcelona,17-09-2008 00:00,02-09-2016 00:00,1
M4_8,100,20,ES,Barcelona,17-09-2008 00:00,02-09-2016 00:00,1
M4_9,100,20,ES,Barcelona,17-09-2008 00:00,02-09-2016 00:00,1
B0_187,100,17,None,None,27-09-2000 00:00,26-07-2016 00:00,0
B0_2042,100,15,CA,British Columbia,05-11-2003 00:00,06-11-2016 00:00,0
B0_490,100,19,CA,QUEBEC,03-01-2009 00:00,03-01-2017 00:00,0
B0_1058,101,21,UK,None,22-11-1995 00:00,22-11-2016 00:00,0
B0_193,101,20,US,California,24-09-2006 00:00,26-08-2015 00:00,0
B0_214,101,20,US,DE,26-06-2007 00:00,24-04-2017 00:00,0
B0_2170,101,16,CA,ON,23-12-1995 00:00,08-02-2017 00:00,0
B0_540,101,20,US,CA,31-07-2000 00:00,29-06-2016 00:00,0
B0_574,101,18,US,New York,01-03-1994 00:00,19-02-2017 00:00,0
B0_763,101,19,US,FL,13-12-1993 05:00,02-07-2015 17:44,0
B0_772,101,15,CA,ON,14-12-2009 00:00,13-12-2016 00:00,0
B0_1156,102,16,CA,ON,20-12-1999 00:00,21-10-2016 00:00,0
B0_1280,102,12,US,CA,14-12-1995 05:00,06-12-2016 21:52,0
B0_1377,102,20,US,DC,16-02-2010 00:00,11-02-2017 00:00,0
B0_653,102,17,US,NY,01-04-2008 22:47,02-04-2017 01:35,0
B0_922,102,18,US,FL,01-02-1994 00:00,28-04-2016 00:00,0
B0_1064,103,21,US,Washington,28-11-1994 00:00,21-03-2017 00:00,0
B0_1199,103,17,US,OH,30-10-2002 00:00,15-03-2017 00:00,0
B0_1292,103,17,BE,None,16-01-2001 00:00,07-04-2017 00:00,0
B0_1328,103,16,US,AZ,09-12-1998 00:00,24-10-2016 00:00,0
B0_1426,103,20,US,California,06-09-2005 00:00,13-08-2015 00:00,0
B0_1251,104,17,US,DC,07-11-2003 00:00,03-11-2016 00:00,0
B0_2058,104,16,US,NY,18-03-1999 00:00,15-02-2016 00:00,0
B0_2165,104,18,US,WA,08-02-2005 00:00,05-03-2017 00:00,0
B0_613,104,20,US,IL,08-12-2016 00:00,15-02-2017 00:00,0
B0_906,104,17,US,UT,21-11-1996 00:00,22-10-2016 00:00,0
M0_113,105,20,None,None,None,None,1
B0_114,105,21,US,MO,03-09-1996 00:00,08-12-2016 00:00,0
B0_2102,105,17,None,None,27-09-2000 00:00,26-07-2016 00:00,0
B0_935,105,22,US,NY,29-09-1993 00:00,24-09-2016 00:00,0
B0_1043,106,21,US,NY,18-01-1994 00:00,21-10-2016 00:00,0
B0_1281,106,18,US,IL,19-12-1995 00:00,08-06-2015 00:00,0
B0_2249,106,18,US,MA,23-03-1999 00:00,19-03-2016 00:00,0
B0_313,106,19,US,CO,27-01-2011 00:00,05-01-2017 00:00,0
B0_526,106,19,US,NY,29-03-1994 00:00,26-03-2017 00:00,0
B0_925,106,22,US,CA,13-01-1996 00:00,11-12-2016 00:00,0
B0_2236,107,23,US,NY,18-01-1994 00:00,21-10-2016 00:00,0
B0_1302,108,21,US,CA,28-02-1994 05:00,16-01-2017 17:49,0
B0_301,108,23,US,NJ,26-06-1996 00:00,22-05-2015 00:00,0
B0_512,108,18,US,VA,16-05-1995 04:00,14-01-2017 16:52,0
B0_851,109,20,US,DC,16-07-2007 00:00,12-07-2016 00:00,0
B0_872,109,18,US,FL,01-02-1994 00:00,28-04-2016 00:00,0
B0_1034,110,21,None,None,22-05-2009 00:00,07-05-2016 00:00,0
B0_46,110,15,US,Florida,10-03-2006 00:00,14-02-2016 00:00,0
B0_188,111,22,PA,PANAMA,18-12-2006 00:00,25-11-2016 00:00,0
B0_466,112,19,None,None,08-04-2009 00:00,09-04-2017 00:00,0
B0_877,112,19,us,California,10-09-1998 00:00,17-02-2016 00:00,0
B0_1120,113,18,US,MA,23-03-1999 00:00,19-03-2016 00:00,0
B0_2018,113,21,US,MA,26-06-1995 00:00,13-11-2013 00:00,0
B0_1135,114,17,None,None,28-12-2007 00:00,21-02-2017 00:00,0
B0_2092,114,23,US,DE,28-07-1999 00:00,10-09-2016 00:00,0
B0_2252,114,19,CA,bc,28-02-2002 00:00,29-11-2014 00:00,0
B0_690,114,18,NL,Noord-Holland,08-02-1999 00:00,13-07-2014 00:00,0
B0_1322,115,18,US,NY,12-03-1999 00:00,16-11-2016 00:00,0
B0_135,115,20,US,NY,18-01-1994 00:00,21-10-2016 00:00,0
B0_411,115,19,US,NY,16-06-2000 17:03,11-08-2015 20:35,0
B0_1014,116,19,FR,Paris,27-02-1995 00:00,28-01-2017 00:00,0
B0_257,116,18,CA,ON,13-02-1999 00:00,10-05-2016 00:00,0
B0_605,116,18,US,MO,12-06-2001 20:58,10-06-2016 13:57,0
B0_166,117,22,None,None,23-05-1995 00:00,21-05-2015 00:00,0
B0_452,117,19,None,None,16-01-2008 00:00,02-03-2017 00:00,0
B0_35,118,28,US,CA,03-03-2000 00:00,12-01-2017 00:00,0
B0_561,118,23,US,CA,04-08-1995 00:00,26-01-2017 00:00,0
B0_398,120,20,US,NJ,31-07-1997 00:00,12-11-2015 00:00,0
B0_529,120,20,US,MA,26-06-1995 00:00,13-11-2013 00:00,0
M4_29,122,22,ES,Barcelona,17-09-2008 00:00,02-09-2016 00:00,1
M4_38,122,23,ES,Barcelona,17-09-2008 00:00,02-09-2016 00:00,1
B0_2149,122,23,US,Arizona,04-03-2006 00:00,14-01-2012 00:00,0
B0_425,122,21,None,None,01-11-2000 00:00,27-01-2017 00:00,0
M4_31,123,24,ES,Barcelona,17-09-2008 00:00,02-09-2016 00:00,1
M4_42,123,25,ES,Barcelona,17-09-2008 00:00,02-09-2016 00:00,1
B0_1015,123,18,US,MA,23-03-1999 00:00,19-03-2016 00:00,0
B0_143,123,24,US,NJ,26-05-1994 00:00,21-05-2016 00:00,0
B0_422,123,21,US,CA,18-12-2008 00:00,19-12-2016 00:00,0
B0_54,123,21,None,None,31-08-2003 00:00,31-03-2016 00:00,0
M4_53,124,23,ES,Barcelona,17-09-2008 00:00,02-09-2016 00:00,1
M4_59,124,24,ES,Barcelona,17-09-2008 00:00,02-09-2016 00:00,1
B0_103,125,20,US,California,24-09-2006 00:00,26-08-2015 00:00,0
M4_33,126,25,ES,Barcelona,17-09-2008 00:00,02-09-2016 00:00,1
M4_36,126,24,ES,Barcelona,17-09-2008 00:00,02-09-2016 00:00,1
M4_51,126,23,ES,Barcelona,17-09-2008 00:00,02-09-2016 00:00,1
M4_58,126,25,ES,Barcelona,17-09-2008 00:00,02-09-2016 00:00,1
B0_145,126,22,US,IL,03-06-1997 00:00,01-06-2016 00:00,0
B0_2080,126,22,None,None,29-04-1999 00:00,29-03-2017 00:00,0
B0_719,126,19,CH,Zug,22-06-1998 00:00,20-05-2016 00:00,0
B0_2226,128,25,UK,None,18-04-1995 00:00,14-11-2016 00:00,0
M4_37,129,25,ES,Barcelona,17-09-2008 00:00,02-09-2016 00:00,1
B0_2072,129,18,US,MA,23-03-1999 00:00,19-03-2016 00:00,0
M0_118,131,36,US,WA,11-01-1999 00:00,04-04-2017 00:00,1
M4_52,132,26,ES,Barcelona,17-09-2008 00:00,02-09-2016 00:00,1
M4_60,132,27,ES,Barcelona,17-09-2008 00:00,02-09-2016 00:00,1
M4_55,134,24,ES,Barcelona,17-09-2008 00:00,02-09-2016 00:00,1
M4_30,135,26,ES,Barcelona,17-09-2008 00:00,02-09-2016 00:00,1
M4_44,135,27,ES,Barcelona,17-09-2008 00:00,02-09-2016 00:00,1
M4_46,135,26,ES,Barcelona,17-09-2008 00:00,02-09-2016 00:00,1
B0_834,136,43,None,None,14-12-1999 00:00,27-05-2016 00:00,0
B0_1215,137,25,US,Arizona,28-01-2004 00:00,08-12-2016 00:00,0
B0_84,139,21,None,None,None,None,0
M4_50,140,26,ES,Barcelona,17-09-2008 00:00,02-09-2016 00:00,1
M4_34,141,27,ES,Barcelona,17-09-2008 00:00,02-09-2016 00:00,1
B0_583,141,24,US,CA,18-01-1995 00:00,26-08-2015 00:00,0
B0_744,141,30,US,Arizona,28-03-2007 00:00,02-04-2016 00:00,0
B0_531,142,22,US,IL,27-07-1995 00:00,08-06-2015 00:00,0
M4_32,143,26,ES,Barcelona,17-09-2008 00:00,02-09-2016 00:00,1
M4_47,143,27,ES,Barcelona,17-09-2008 00:00,02-09-2016 00:00,1
B0_2233,143,22,US,DC,15-06-2006 00:00,22-06-2016 00:00,0
B0_412,144,21,None,None,27-09-2000 00:00,26-07-2016 00:00,0
M4_28,145,26,ES,Barcelona,17-09-2008 00:00,02-09-2016 00:00,1
M4_40,145,27,ES,Barcelona,17-09-2008 00:00,02-09-2016 00:00,1
M4_56,145,29,ES,Barcelona,17-09-2008 00:00,02-09-2016 00:00,1
B0_216,145,31,US,NY,10-08-1995 00:00,05-08-2016 00:00,0
M4_49,146,27,ES,Barcelona,17-09-2008 00:00,02-09-2016 00:00,1
M4_57,146,28,ES,Barcelona,17-09-2008 00:00,02-09-2016 00:00,1
B0_221,146,24,US,Arizona,13-07-1998 00:00,28-03-2017 00:00,0
B0_1361,149,23,CA,Quebec,08-01-1997 00:00,02-06-2009 00:00,0
M4_35,150,26,ES,Barcelona,17-09-2008 00:00,02-09-2016 00:00,1
M4_54,151,29,ES,Barcelona,17-09-2008 00:00,02-09-2016 00:00,1
B0_755,154,21,US,UT,29-07-1998 04:00,17-03-2016 04:34,0
M4_62,156,31,ES,Barcelona,17-09-2008 00:00,02-09-2016 00:00,1
B0_62,160,29,US,CA,14-08-1997 00:00,14-06-2016 00:00,0
B0_2237,161,23,None,None,23-11-2010 00:00,20-11-2015 00:00,0
B0_2099,169,25,BS,New Providence,20-12-2008 00:00,11-12-2015 00:00,0
M4_43,170,17,ES,Barcelona,17-09-2008 00:00,02-09-2016 00:00,1
M4_61,173,34,ES,Barcelona,17-09-2008 00:00,02-09-2016 00:00,1
M4_39,178,16,ES,Barcelona,17-09-2008 00:00,02-09-2016 00:00,1
B0_156,183,29,US,NY,26-06-1997 00:00,18-11-2014 00:00,0
M4_45,194,17,ES,Barcelona,17-09-2008 00:00,02-09-2016 00:00,1
M4_48,194,16,ES,Barcelona,17-09-2008 00:00,02-09-2016 00:00,1
M4_41,198,17,ES,Barcelona,17-09-2008 00:00,02-09-2016 00:00,1
B0_162,201,34,US,FL,15-02-1999 00:00,15-07-2015 00:00,0
B0_1152,234,34,US,CA,01-04-1998 00:00,09-12-2016 00:00,0
B0_676,249,40,US,Wisconsin,14-11-2008 00:00,20-11-2013 00:00,0
